Entity,Code,Year,Hydro (TWh growth â€“ sub method)
Africa,,1966,4.457
Africa,,1967,1.891
Africa,,1968,7.633
Africa,,1969,8.785
Africa,,1970,15.36
Africa,,1971,-4.492
Africa,,1972,10.055
Africa,,1973,4.757
Africa,,1974,12.004
Africa,,1975,5.697
Africa,,1976,11.332
Africa,,1977,11.475
Africa,,1978,1.05
Africa,,1979,9.051
Africa,,1980,-3.482
Africa,,1981,5.225
Africa,,1982,0.037
Africa,,1983,-13.775
Africa,,1984,-2.103
Africa,,1985,13.777
Africa,,1986,4.71
Africa,,1987,-5.803
Africa,,1988,12.603
Africa,,1989,7.452
Africa,,1990,2.718
Africa,,1991,9.436
Africa,,1992,-7.753
Africa,,1993,-3.272
Africa,,1994,2.538
Africa,,1995,6.036
Africa,,1996,7.077
Africa,,1997,4.267
Africa,,1998,7.784
Africa,,1999,11.193
Africa,,2000,12.671
Africa,,2001,14.148
Africa,,2002,10.398
Africa,,2003,-7.787
Africa,,2004,10.832
Africa,,2005,2.968
Africa,,2006,6.979
Africa,,2007,6.693
Africa,,2008,3.223
Africa,,2009,5.248
Africa,,2010,18.382
Africa,,2011,6.113
Africa,,2012,-0.427
Africa,,2013,15.485
Africa,,2014,13.603
Africa,,2015,-11.664
Africa,,2016,-11.993
Africa,,2017,18.323
Africa,,2018,14.524
Africa,,2019,4.617
Algeria,DZA,1966,-0.125
Algeria,DZA,1967,0.153
Algeria,DZA,1968,0.425
Algeria,DZA,1969,-0.561
Algeria,DZA,1970,0.608
Algeria,DZA,1971,-0.694
Algeria,DZA,1972,0.458
Algeria,DZA,1973,0.714
Algeria,DZA,1974,-0.708
Algeria,DZA,1975,-0.469
Algeria,DZA,1976,0.169
Algeria,DZA,1977,-0.333
Algeria,DZA,1978,-0.053
Algeria,DZA,1979,0.114
Algeria,DZA,1980,-0.094
Algeria,DZA,1981,0.303
Algeria,DZA,1982,0.314
Algeria,DZA,1983,-0.678
Algeria,DZA,1984,0.603
Algeria,DZA,1985,0.539
Algeria,DZA,1986,-1.1
Algeria,DZA,1987,0.692
Algeria,DZA,1988,-0.878
Algeria,DZA,1989,0.119
Algeria,DZA,1990,-0.253
Algeria,DZA,1991,0.439
Algeria,DZA,1992,-0.261
Algeria,DZA,1993,0.428
Algeria,DZA,1994,-0.519
Algeria,DZA,1995,0.075
Algeria,DZA,1996,-0.161
Algeria,DZA,1997,-0.167
Algeria,DZA,1998,0.389
Algeria,DZA,1999,-0.033
Algeria,DZA,2000,-0.414
Algeria,DZA,2001,0.04
Algeria,DZA,2002,-0.034
Algeria,DZA,2003,0.566
Algeria,DZA,2004,-0.042
Algeria,DZA,2005,0.814
Algeria,DZA,2006,-0.912
Algeria,DZA,2007,0.019
Algeria,DZA,2008,0.147
Algeria,DZA,2009,0.15
Algeria,DZA,2010,-0.446
Algeria,DZA,2011,0.528
Algeria,DZA,2012,0.022
Algeria,DZA,2013,-0.749
Algeria,DZA,2014,0.238
Algeria,DZA,2015,-0.124
Algeria,DZA,2016,-0.186
Algeria,DZA,2017,-0.041
Algeria,DZA,2018,0.151
Algeria,DZA,2019,0.084
Argentina,ARG,1966,0.044
Argentina,ARG,1967,0.083
Argentina,ARG,1968,0.631
Argentina,ARG,1969,-0.428
Argentina,ARG,1970,0.586
Argentina,ARG,1971,-0.031
Argentina,ARG,1972,-0.111
Argentina,ARG,1973,4.139
Argentina,ARG,1974,5.65
Argentina,ARG,1975,0.481
Argentina,ARG,1976,-0.522
Argentina,ARG,1977,2.092
Argentina,ARG,1978,5.517
Argentina,ARG,1979,8.078
Argentina,ARG,1980,12.456
Argentina,ARG,1981,-1.275
Argentina,ARG,1982,8.078
Argentina,ARG,1983,2.294
Argentina,ARG,1984,4.058
Argentina,ARG,1985,2.128
Argentina,ARG,1986,1.008
Argentina,ARG,1987,2.311
Argentina,ARG,1988,-18.911
Argentina,ARG,1989,-5.744
Argentina,ARG,1990,13.642
Argentina,ARG,1991,-4.597
Argentina,ARG,1992,9.883
Argentina,ARG,1993,10.49
Argentina,ARG,1994,12.27
Argentina,ARG,1995,1.348
Argentina,ARG,1996,-6.98
Argentina,ARG,1997,19.68
Argentina,ARG,1998,-1.689
Argentina,ARG,1999,-16.366
Argentina,ARG,2000,20.844
Argentina,ARG,2001,21.103
Argentina,ARG,2002,-1.942
Argentina,ARG,2003,-7.232
Argentina,ARG,2004,-10.632
Argentina,ARG,2005,10.011
Argentina,ARG,2006,10.758
Argentina,ARG,2007,-16.356
Argentina,ARG,2008,-2.053
Argentina,ARG,2009,8.796
Argentina,ARG,2010,-1.282
Argentina,ARG,2011,-2.982
Argentina,ARG,2012,-7.745
Argentina,ARG,2013,9.218
Argentina,ARG,2014,-0.207
Argentina,ARG,2015,1.675
Argentina,ARG,2016,-9.469
Argentina,ARG,2017,7.656
Argentina,ARG,2018,-0.347
Argentina,ARG,2019,-11.725
Australia,AUS,1966,-0.958
Australia,AUS,1967,0.724
Australia,AUS,1968,0.958
Australia,AUS,1969,2.038
Australia,AUS,1970,4.129
Australia,AUS,1971,3.713
Australia,AUS,1972,0.127
Australia,AUS,1973,2.035
Australia,AUS,1974,4.411
Australia,AUS,1975,2.816
Australia,AUS,1976,-2.039
Australia,AUS,1977,-1.694
Australia,AUS,1978,3.143
Australia,AUS,1979,-1.192
Australia,AUS,1980,-2.165
Australia,AUS,1981,1.11
Australia,AUS,1982,-3.044
Australia,AUS,1983,-1.796
Australia,AUS,1984,2.784
Australia,AUS,1985,2.263
Australia,AUS,1986,0.237
Australia,AUS,1987,-1.144
Australia,AUS,1988,2.002
Australia,AUS,1989,-0.224
Australia,AUS,1990,1.405
Australia,AUS,1991,2.483
Australia,AUS,1992,0.8
Australia,AUS,1993,1.238
Australia,AUS,1994,-0.658
Australia,AUS,1995,-1.442
Australia,AUS,1996,0.938
Australia,AUS,1997,-0.044
Australia,AUS,1998,-0.429
Australia,AUS,1999,1.343
Australia,AUS,2000,0.514
Australia,AUS,2001,-1.244
Australia,AUS,2002,-0.365
Australia,AUS,2003,0.032
Australia,AUS,2004,-1.699
Australia,AUS,2005,-0.863
Australia,AUS,2006,-1.653
Australia,AUS,2007,-5.286
Australia,AUS,2008,-3.472
Australia,AUS,2009,1.977
Australia,AUS,2010,2.675
Australia,AUS,2011,14.879
Australia,AUS,2012,-6.84
Australia,AUS,2013,4.992
Australia,AUS,2014,-12.012
Australia,AUS,2015,-1.228
Australia,AUS,2016,8.705
Australia,AUS,2017,-10.582
Australia,AUS,2018,9.38
Australia,AUS,2019,-7.741
Austria,AUT,1966,3.467
Austria,AUT,1967,1.019
Austria,AUT,1968,1.353
Austria,AUT,1969,-4.075
Austria,AUT,1970,12.699
Austria,AUT,1971,-12.416
Austria,AUT,1972,1.299
Austria,AUT,1973,5.338
Austria,AUT,1974,9.731
Austria,AUT,1975,3.008
Austria,AUT,1976,-8.971
Austria,AUT,1977,12.098
Austria,AUT,1978,0.056
Austria,AUT,1979,8.767
Austria,AUT,1980,2.814
Austria,AUT,1981,4.826
Austria,AUT,1982,0.136
Austria,AUT,1983,-0.806
Austria,AUT,1984,-10.435
Austria,AUT,1985,10.904
Austria,AUT,1986,0.358
Austria,AUT,1987,12.456
Austria,AUT,1988,-0.233
Austria,AUT,1989,-0.616
Austria,AUT,1990,-9.926
Austria,AUT,1991,-0.182
Austria,AUT,1992,9.458
Austria,AUT,1993,5.159
Austria,AUT,1994,-2.772
Austria,AUT,1995,3.777
Austria,AUT,1996,-7.92
Austria,AUT,1997,5.248
Austria,AUT,1998,2.939
Austria,AUT,1999,9.822
Austria,AUT,2000,3.157
Austria,AUT,2001,-4.564
Austria,AUT,2002,-1.347
Austria,AUT,2003,-19.81
Austria,AUT,2004,9.026
Austria,AUT,2005,0.265
Austria,AUT,2006,-4.474
Austria,AUT,2007,3.119
Austria,AUT,2008,2.754
Austria,AUT,2009,6.109
Austria,AUT,2010,-7.262
Austria,AUT,2011,-11.298
Austria,AUT,2012,24.099
Austria,AUT,2013,-5.18
Austria,AUT,2014,-3.282
Austria,AUT,2015,-10.626
Austria,AUT,2016,6.46
Austria,AUT,2017,-4.468
Austria,AUT,2018,-2.189
Austria,AUT,2019,7.316
Azerbaijan,AZE,1986,-1.412
Azerbaijan,AZE,1987,0
Azerbaijan,AZE,1988,-0.295
Azerbaijan,AZE,1989,0
Azerbaijan,AZE,1990,2.666
Azerbaijan,AZE,1991,0.281
Azerbaijan,AZE,1992,-0.033
Azerbaijan,AZE,1993,1.885
Azerbaijan,AZE,1994,-1.656
Azerbaijan,AZE,1995,-0.761
Azerbaijan,AZE,1996,-0.053
Azerbaijan,AZE,1997,0.486
Azerbaijan,AZE,1998,0.664
Azerbaijan,AZE,1999,-1.236
Azerbaijan,AZE,2000,0.078
Azerbaijan,AZE,2001,-0.671
Azerbaijan,AZE,2002,1.948
Azerbaijan,AZE,2003,1.19
Azerbaijan,AZE,2004,0.729
Azerbaijan,AZE,2005,0.637
Azerbaijan,AZE,2006,-1.364
Azerbaijan,AZE,2007,-0.451
Azerbaijan,AZE,2008,-0.387
Azerbaijan,AZE,2009,0.164
Azerbaijan,AZE,2010,2.93
Azerbaijan,AZE,2011,-2.052
Azerbaijan,AZE,2012,-2.244
Azerbaijan,AZE,2013,-0.878
Azerbaijan,AZE,2014,-0.505
Azerbaijan,AZE,2015,0.835
Azerbaijan,AZE,2016,0.785
Azerbaijan,AZE,2017,-0.561
Azerbaijan,AZE,2018,0.028
Azerbaijan,AZE,2019,-0.52
Bangladesh,BGD,1966,0
Bangladesh,BGD,1967,0
Bangladesh,BGD,1968,0
Bangladesh,BGD,1969,0
Bangladesh,BGD,1970,0
Bangladesh,BGD,1971,0
Bangladesh,BGD,1972,0.486
Bangladesh,BGD,1973,0.433
Bangladesh,BGD,1974,-0.244
Bangladesh,BGD,1975,0.536
Bangladesh,BGD,1976,0.161
Bangladesh,BGD,1977,-0.158
Bangladesh,BGD,1978,0.192
Bangladesh,BGD,1979,0.225
Bangladesh,BGD,1980,-0.011
Bangladesh,BGD,1981,0.117
Bangladesh,BGD,1982,-0.283
Bangladesh,BGD,1983,0.386
Bangladesh,BGD,1984,0.653
Bangladesh,BGD,1985,-0.439
Bangladesh,BGD,1986,-0.803
Bangladesh,BGD,1987,0.186
Bangladesh,BGD,1988,0.439
Bangladesh,BGD,1989,0.681
Bangladesh,BGD,1990,-0.1
Bangladesh,BGD,1991,-0.128
Bangladesh,BGD,1992,-0.117
Bangladesh,BGD,1993,-0.522
Bangladesh,BGD,1994,0.664
Bangladesh,BGD,1995,-1.319
Bangladesh,BGD,1996,1.019
Bangladesh,BGD,1997,-0.056
Bangladesh,BGD,1998,0.406
Bangladesh,BGD,1999,-0.089
Bangladesh,BGD,2000,-0.233
Bangladesh,BGD,2001,0.66
Bangladesh,BGD,2002,-0.687
Bangladesh,BGD,2003,-0.013
Bangladesh,BGD,2004,-0.013
Bangladesh,BGD,2005,-0.013
Bangladesh,BGD,2006,-0.013
Bangladesh,BGD,2007,-0.013
Bangladesh,BGD,2008,0.518
Bangladesh,BGD,2009,-1.414
Bangladesh,BGD,2010,0.807
Bangladesh,BGD,2011,0.359
Bangladesh,BGD,2012,-0.258
Bangladesh,BGD,2013,-0.137
Bangladesh,BGD,2014,-0.423
Bangladesh,BGD,2015,0.831
Bangladesh,BGD,2016,-0.047
Bangladesh,BGD,2017,0.349
Bangladesh,BGD,2018,-0.423
Bangladesh,BGD,2019,-0.113
Belarus,BLR,1986,0
Belarus,BLR,1987,0
Belarus,BLR,1988,0
Belarus,BLR,1989,0
Belarus,BLR,1990,0
Belarus,BLR,1991,-0.006
Belarus,BLR,1992,-0.003
Belarus,BLR,1993,0.006
Belarus,BLR,1994,0
Belarus,BLR,1995,0.003
Belarus,BLR,1996,-0.011
Belarus,BLR,1997,0.014
Belarus,BLR,1998,0.019
Belarus,BLR,1999,-0.025
Belarus,BLR,2000,0.022
Belarus,BLR,2001,0.008
Belarus,BLR,2002,-0.003
Belarus,BLR,2003,-0.003
Belarus,BLR,2004,0.013
Belarus,BLR,2005,0.008
Belarus,BLR,2006,-0.003
Belarus,BLR,2007,-0.001
Belarus,BLR,2008,0.01
Belarus,BLR,2009,0.015
Belarus,BLR,2010,-0.001
Belarus,BLR,2011,-0.008
Belarus,BLR,2012,0.077
Belarus,BLR,2013,0.168
Belarus,BLR,2014,-0.045
Belarus,BLR,2015,-0.027
Belarus,BLR,2016,0.076
Belarus,BLR,2017,0.655
Belarus,BLR,2018,-0.207
Belarus,BLR,2019,-0.003
Belgium,BEL,1966,0.075
Belgium,BEL,1967,-0.169
Belgium,BEL,1968,0.017
Belgium,BEL,1969,-0.039
Belgium,BEL,1970,0.044
Belgium,BEL,1971,-0.311
Belgium,BEL,1972,0.128
Belgium,BEL,1973,-0.025
Belgium,BEL,1974,0.192
Belgium,BEL,1975,-0.158
Belgium,BEL,1976,-0.206
Belgium,BEL,1977,0.319
Belgium,BEL,1978,-0.003
Belgium,BEL,1979,0.031
Belgium,BEL,1980,0.122
Belgium,BEL,1981,0.286
Belgium,BEL,1982,-0.133
Belgium,BEL,1983,0.008
Belgium,BEL,1984,0.042
Belgium,BEL,1985,-0.178
Belgium,BEL,1986,0.156
Belgium,BEL,1987,0.239
Belgium,BEL,1988,-0.194
Belgium,BEL,1989,-0.15
Belgium,BEL,1990,-0.108
Belgium,BEL,1991,-0.103
Belgium,BEL,1992,0.311
Belgium,BEL,1993,-0.242
Belgium,BEL,1994,0.256
Belgium,BEL,1995,-0.022
Belgium,BEL,1996,-0.275
Belgium,BEL,1997,0.183
Belgium,BEL,1998,0.233
Belgium,BEL,1999,-0.133
Belgium,BEL,2000,0.331
Belgium,BEL,2001,-0.061
Belgium,BEL,2002,-0.23
Belgium,BEL,2003,-0.314
Belgium,BEL,2004,0.185
Belgium,BEL,2005,-0.083
Belgium,BEL,2006,0.185
Belgium,BEL,2007,0.074
Belgium,BEL,2008,0.049
Belgium,BEL,2009,-0.222
Belgium,BEL,2010,-0.047
Belgium,BEL,2011,-0.306
Belgium,BEL,2012,0.412
Belgium,BEL,2013,0.053
Belgium,BEL,2014,-0.222
Belgium,BEL,2015,0.054
Belgium,BEL,2016,0.125
Belgium,BEL,2017,-0.255
Belgium,BEL,2018,0.104
Belgium,BEL,2019,-0.045
Brazil,BRA,1966,6.642
Brazil,BRA,1967,3.564
Brazil,BRA,1968,3.781
Brazil,BRA,1969,5.95
Brazil,BRA,1970,19.747
Brazil,BRA,1971,9.439
Brazil,BRA,1972,20.783
Brazil,BRA,1973,20.025
Brazil,BRA,1974,21.636
Brazil,BRA,1975,18.356
Brazil,BRA,1976,29.517
Brazil,BRA,1977,29.353
Brazil,BRA,1978,25.739
Brazil,BRA,1979,38.428
Brazil,BRA,1980,34.242
Brazil,BRA,1981,5.161
Brazil,BRA,1982,28.797
Brazil,BRA,1983,28.731
Brazil,BRA,1984,41.994
Brazil,BRA,1985,32.728
Brazil,BRA,1986,11.233
Brazil,BRA,1987,8.836
Brazil,BRA,1988,37.481
Brazil,BRA,1989,15.547
Brazil,BRA,1990,5.606
Brazil,BRA,1991,30.761
Brazil,BRA,1992,15.447
Brazil,BRA,1993,32.561
Brazil,BRA,1994,21.222
Brazil,BRA,1995,31.111
Brazil,BRA,1996,32.956
Brazil,BRA,1997,36.675
Brazil,BRA,1998,34.714
Brazil,BRA,1999,4.253
Brazil,BRA,2000,31.675
Brazil,BRA,2001,-106.296
Brazil,BRA,2002,45.178
Brazil,BRA,2003,48.162
Brazil,BRA,2004,35.792
Brazil,BRA,2005,39.316
Brazil,BRA,2006,24.626
Brazil,BRA,2007,61.136
Brazil,BRA,2008,-17.941
Brazil,BRA,2009,50.203
Brazil,BRA,2010,25.782
Brazil,BRA,2011,58.487
Brazil,BRA,2012,-40.188
Brazil,BRA,2013,-68.787
Brazil,BRA,2014,-50.665
Brazil,BRA,2015,-40.305
Brazil,BRA,2016,47.849
Brazil,BRA,2017,-30.646
Brazil,BRA,2018,39.475
Brazil,BRA,2019,22.005
Bulgaria,BGR,1966,0.028
Bulgaria,BGR,1967,0.033
Bulgaria,BGR,1968,-1.992
Bulgaria,BGR,1969,1.483
Bulgaria,BGR,1970,0.869
Bulgaria,BGR,1971,0.05
Bulgaria,BGR,1972,-0.208
Bulgaria,BGR,1973,1.319
Bulgaria,BGR,1974,-1.361
Bulgaria,BGR,1975,1.036
Bulgaria,BGR,1976,1.392
Bulgaria,BGR,1977,1.597
Bulgaria,BGR,1978,-1.722
Bulgaria,BGR,1979,1.117
Bulgaria,BGR,1980,1.117
Bulgaria,BGR,1981,-0.264
Bulgaria,BGR,1982,-1.578
Bulgaria,BGR,1983,0.842
Bulgaria,BGR,1984,-0.258
Bulgaria,BGR,1985,-2.842
Bulgaria,BGR,1986,0.247
Bulgaria,BGR,1987,0.586
Bulgaria,BGR,1988,0.164
Bulgaria,BGR,1989,0.264
Bulgaria,BGR,1990,-2.258
Bulgaria,BGR,1991,1.564
Bulgaria,BGR,1992,-1.05
Bulgaria,BGR,1993,-0.336
Bulgaria,BGR,1994,-1.317
Bulgaria,BGR,1995,2.35
Bulgaria,BGR,1996,1.681
Bulgaria,BGR,1997,-0.458
Bulgaria,BGR,1998,0.953
Bulgaria,BGR,1999,-0.956
Bulgaria,BGR,2000,-0.222
Bulgaria,BGR,2001,-2.631
Bulgaria,BGR,2002,1.222
Bulgaria,BGR,2003,2.236
Bulgaria,BGR,2004,0.324
Bulgaria,BGR,2005,3.09
Bulgaria,BGR,2006,-0.338
Bulgaria,BGR,2007,-3.694
Bulgaria,BGR,2008,-0.179
Bulgaria,BGR,2009,1.649
Bulgaria,BGR,2010,4.082
Bulgaria,BGR,2011,-5.626
Bulgaria,BGR,2012,0.75
Bulgaria,BGR,2013,2.136
Bulgaria,BGR,2014,1.274
Bulgaria,BGR,2015,2.602
Bulgaria,BGR,2016,-4.408
Bulgaria,BGR,2017,-2.843
Bulgaria,BGR,2018,5.721
Bulgaria,BGR,2019,-4.318
Canada,CAN,1966,35.867
Canada,CAN,1967,8.122
Canada,CAN,1968,6.322
Canada,CAN,1969,40.106
Canada,CAN,1970,20.831
Canada,CAN,1971,12.011
Canada,CAN,1972,53.272
Canada,CAN,1973,36.153
Canada,CAN,1974,44.481
Canada,CAN,1975,-22.769
Canada,CAN,1976,28.386
Canada,CAN,1977,20.717
Canada,CAN,1978,41.964
Canada,CAN,1979,24.631
Canada,CAN,1980,19.519
Canada,CAN,1981,41.297
Canada,CAN,1982,-22.833
Canada,CAN,1983,22.658
Canada,CAN,1984,56.031
Canada,CAN,1985,48.672
Canada,CAN,1986,19.417
Canada,CAN,1987,15.475
Canada,CAN,1988,-24.364
Canada,CAN,1989,-47.181
Canada,CAN,1990,14.538
Canada,CAN,1991,32.202
Canada,CAN,1992,21.941
Canada,CAN,1993,19.553
Canada,CAN,1994,15.671
Canada,CAN,1995,17.234
Canada,CAN,1996,57.034
Canada,CAN,1997,-16.423
Canada,CAN,1998,-49.471
Canada,CAN,1999,39.252
Canada,CAN,2000,32.665
Canada,CAN,2001,-76.088
Canada,CAN,2002,42.777
Canada,CAN,2003,-41.924
Canada,CAN,2004,0.282
Canada,CAN,2005,57.569
Canada,CAN,2006,-30.363
Canada,CAN,2007,33.242
Canada,CAN,2008,19.979
Canada,CAN,2009,-29.238
Canada,CAN,2010,-51.048
Canada,CAN,2011,57.487
Canada,CAN,2012,5.802
Canada,CAN,2013,23.598
Canada,CAN,2014,-29.642
Canada,CAN,2015,-6.574
Canada,CAN,2016,2.425
Canada,CAN,2017,17.186
Canada,CAN,2018,-27.413
Canada,CAN,2019,-13.198
Chile,CHL,1966,0.594
Chile,CHL,1967,0.242
Chile,CHL,1968,-1.917
Chile,CHL,1969,1.275
Chile,CHL,1970,0.786
Chile,CHL,1971,1.394
Chile,CHL,1972,2.558
Chile,CHL,1973,-0.375
Chile,CHL,1974,2.136
Chile,CHL,1975,0.067
Chile,CHL,1976,0.586
Chile,CHL,1977,1.028
Chile,CHL,1978,0.783
Chile,CHL,1979,0.547
Chile,CHL,1980,1.175
Chile,CHL,1981,0.775
Chile,CHL,1982,2.122
Chile,CHL,1983,1.942
Chile,CHL,1984,1.006
Chile,CHL,1985,3.042
Chile,CHL,1986,2.111
Chile,CHL,1987,2.758
Chile,CHL,1988,-0.736
Chile,CHL,1989,-5.597
Chile,CHL,1990,-4.449
Chile,CHL,1991,11.651
Chile,CHL,1992,10.012
Chile,CHL,1993,1.325
Chile,CHL,1994,-0.644
Chile,CHL,1995,3.967
Chile,CHL,1996,-4.279
Chile,CHL,1997,5.749
Chile,CHL,1998,-8.35
Chile,CHL,1999,-6.556
Chile,CHL,2000,15.289
Chile,CHL,2001,6.828
Chile,CHL,2002,3.746
Chile,CHL,2003,-1.999
Chile,CHL,2004,-4.815
Chile,CHL,2005,12.031
Chile,CHL,2006,6.623
Chile,CHL,2007,-16.091
Chile,CHL,2008,4.73
Chile,CHL,2009,2
Chile,CHL,2010,-9.322
Chile,CHL,2011,-3.584
Chile,CHL,2012,-1.218
Chile,CHL,2013,-0.965
Chile,CHL,2014,7.68
Chile,CHL,2015,1.109
Chile,CHL,2016,-10.239
Chile,CHL,2017,3.796
Chile,CHL,2018,4.761
Chile,CHL,2019,-6.439
China,CHN,1966,1.08
China,CHN,1967,-8.618
China,CHN,1968,9.686
China,CHN,1969,1.08
China,CHN,1970,2.161
China,CHN,1971,13.995
China,CHN,1972,10.766
China,CHN,1973,10.766
China,CHN,1974,13.467
China,CHN,1975,5.377
China,CHN,1976,1.62
China,CHN,1977,5.389
China,CHN,1978,-8.078
China,CHN,1979,14.805
China,CHN,1980,26.848
China,CHN,1981,20.256
China,CHN,1982,24.724
China,CHN,1983,33.342
China,CHN,1984,1.105
China,CHN,1985,15.48
China,CHN,1986,6.003
China,CHN,1987,15.21
China,CHN,1988,25.399
China,CHN,1989,25.669
China,CHN,1990,23.153
China,CHN,1991,-5.708
China,CHN,1992,16.659
China,CHN,1993,58.778
China,CHN,1994,43.286
China,CHN,1995,64.308
China,CHN,1996,-7.25
China,CHN,1997,22.25
China,CHN,1998,8.083
China,CHN,1999,-6.417
China,CHN,2000,71.75
China,CHN,2001,147.829
China,CHN,2002,23.96
China,CHN,2003,-16.749
China,CHN,2004,184.2
China,CHN,2005,110.88
China,CHN,2006,96.911
China,CHN,2007,124.146
China,CHN,2008,392.434
China,CHN,2009,-66.301
China,CHN,2010,239.718
China,CHN,2011,-71.79
China,CHN,2012,439.305
China,CHN,2013,106.478
China,CHN,2014,367.994
China,CHN,2015,122.639
China,CHN,2016,80.77
China,CHN,2017,12.434
China,CHN,2018,67.027
China,CHN,2019,164.298
Colombia,COL,1966,1.092
Colombia,COL,1967,1.256
Colombia,COL,1968,1.394
Colombia,COL,1969,1.519
Colombia,COL,1970,1.708
Colombia,COL,1971,1.03
Colombia,COL,1972,1.921
Colombia,COL,1973,1.745
Colombia,COL,1974,2.913
Colombia,COL,1975,2.612
Colombia,COL,1976,1.373
Colombia,COL,1977,0.626
Colombia,COL,1978,4.499
Colombia,COL,1979,3.3
Colombia,COL,1980,3.299
Colombia,COL,1981,-0.505
Colombia,COL,1982,2.703
Colombia,COL,1983,0.353
Colombia,COL,1984,4.929
Colombia,COL,1985,3.613
Colombia,COL,1986,8.034
Colombia,COL,1987,5.318
Colombia,COL,1988,3.533
Colombia,COL,1989,6.285
Colombia,COL,1990,1.983
Colombia,COL,1991,0.64
Colombia,COL,1992,-15.126
Colombia,COL,1993,15.488
Colombia,COL,1994,11.672
Colombia,COL,1995,-0.192
Colombia,COL,1996,9.162
Colombia,COL,1997,-10.589
Colombia,COL,1998,-1.928
Colombia,COL,1999,8.108
Colombia,COL,2000,-8.014
Colombia,COL,2001,1.699
Colombia,COL,2002,5.84
Colombia,COL,2003,5.419
Colombia,COL,2004,5.202
Colombia,COL,2005,1.74
Colombia,COL,2006,8.256
Colombia,COL,2007,3.762
Colombia,COL,2008,4.336
Colombia,COL,2009,-14.718
Colombia,COL,2010,-1.387
Colombia,COL,2011,19.75
Colombia,COL,2012,-2.939
Colombia,COL,2013,-8.98
Colombia,COL,2014,0.285
Colombia,COL,2015,-0.83
Colombia,COL,2016,4.627
Colombia,COL,2017,25.693
Colombia,COL,2018,-2.565
Colombia,COL,2019,-13.159
Croatia,HRV,1991,5.767
Croatia,HRV,1992,-4.256
Croatia,HRV,1993,0.558
Croatia,HRV,1994,2.458
Croatia,HRV,1995,0.689
Croatia,HRV,1996,6.056
Croatia,HRV,1997,-5.583
Croatia,HRV,1998,0.469
Croatia,HRV,1999,3.625
Croatia,HRV,2000,-2.428
Croatia,HRV,2001,1.893
Croatia,HRV,2002,-3.775
Croatia,HRV,2003,-1.174
Croatia,HRV,2004,5.777
Croatia,HRV,2005,-1.72
Croatia,HRV,2006,-1.239
Croatia,HRV,2007,-5.203
Croatia,HRV,2008,2.776
Croatia,HRV,2009,4.177
Croatia,HRV,2010,4.358
Croatia,HRV,2011,-10.752
Croatia,HRV,2012,-0.584
Croatia,HRV,2013,9.615
Croatia,HRV,2014,0.848
Croatia,HRV,2015,-6.754
Croatia,HRV,2016,1.066
Croatia,HRV,2017,-3.965
Croatia,HRV,2018,5.871
Croatia,HRV,2019,-4.676
Cyprus,CYP,1966,0
Cyprus,CYP,1967,0
Cyprus,CYP,1968,0
Cyprus,CYP,1969,0
Cyprus,CYP,1970,0
Cyprus,CYP,1971,0
Cyprus,CYP,1972,0
Cyprus,CYP,1973,0
Cyprus,CYP,1974,0
Cyprus,CYP,1975,0
Cyprus,CYP,1976,0
Cyprus,CYP,1977,0
Cyprus,CYP,1978,0
Cyprus,CYP,1979,0
Cyprus,CYP,1980,0
Cyprus,CYP,1981,0
Cyprus,CYP,1982,0
Cyprus,CYP,1983,0
Cyprus,CYP,1984,0
Cyprus,CYP,1985,0
Cyprus,CYP,1986,0
Cyprus,CYP,1987,0
Cyprus,CYP,1988,0
Cyprus,CYP,1989,0
Cyprus,CYP,1990,0
Cyprus,CYP,1991,0
Cyprus,CYP,1992,0
Cyprus,CYP,1993,0
Cyprus,CYP,1994,0
Cyprus,CYP,1995,0
Cyprus,CYP,1996,0
Cyprus,CYP,1997,0
Cyprus,CYP,1998,0
Cyprus,CYP,1999,0
Cyprus,CYP,2000,0
Cyprus,CYP,2001,0
Cyprus,CYP,2002,0
Cyprus,CYP,2003,0
Cyprus,CYP,2004,0
Cyprus,CYP,2005,0
Cyprus,CYP,2006,0
Cyprus,CYP,2007,0
Cyprus,CYP,2008,0
Cyprus,CYP,2009,0
Cyprus,CYP,2010,0
Cyprus,CYP,2011,0
Cyprus,CYP,2012,0
Cyprus,CYP,2013,0
Cyprus,CYP,2014,0
Cyprus,CYP,2015,0
Cyprus,CYP,2016,0
Cyprus,CYP,2017,0
Cyprus,CYP,2018,0
Cyprus,CYP,2019,0
Czechia,CZE,1966,-0.356
Czechia,CZE,1967,-0.577
Czechia,CZE,1968,-1.191
Czechia,CZE,1969,-0.749
Czechia,CZE,1970,1.424
Czechia,CZE,1971,-1.395
Czechia,CZE,1972,0.156
Czechia,CZE,1973,-0.508
Czechia,CZE,1974,2.05
Czechia,CZE,1975,-0.014
Czechia,CZE,1976,-1.022
Czechia,CZE,1977,1.447
Czechia,CZE,1978,-0.381
Czechia,CZE,1979,1.286
Czechia,CZE,1980,0.294
Czechia,CZE,1981,-0.939
Czechia,CZE,1982,-1.086
Czechia,CZE,1983,-0.042
Czechia,CZE,1984,-0.992
Czechia,CZE,1985,1.036
Czechia,CZE,1986,0.569
Czechia,CZE,1987,1.636
Czechia,CZE,1988,-1.017
Czechia,CZE,1989,-1.267
Czechia,CZE,1990,-1.339
Czechia,CZE,1991,-0.2
Czechia,CZE,1992,0.869
Czechia,CZE,1993,-0.092
Czechia,CZE,1994,0.253
Czechia,CZE,1995,1.506
Czechia,CZE,1996,-0.092
Czechia,CZE,1997,-0.75
Czechia,CZE,1998,-0.842
Czechia,CZE,1999,0.792
Czechia,CZE,2000,0.214
Czechia,CZE,2001,0.785
Czechia,CZE,2002,1.164
Czechia,CZE,2003,-3.065
Czechia,CZE,2004,1.698
Czechia,CZE,2005,0.936
Czechia,CZE,2006,0.416
Czechia,CZE,2007,-1.295
Czechia,CZE,2008,-0.18
Czechia,CZE,2009,1.03
Czechia,CZE,2010,0.899
Czechia,CZE,2011,-1.743
Czechia,CZE,2012,0.217
Czechia,CZE,2013,1.565
Czechia,CZE,2014,-2.454
Czechia,CZE,2015,-0.318
Czechia,CZE,2016,0.49
Czechia,CZE,2017,-0.357
Czechia,CZE,2018,-0.626
Czechia,CZE,2019,0.922
Denmark,DNK,1966,0.003
Denmark,DNK,1967,-0.003
Denmark,DNK,1968,-0.011
Denmark,DNK,1969,0.003
Denmark,DNK,1970,0.006
Denmark,DNK,1971,0
Denmark,DNK,1972,0
Denmark,DNK,1973,0
Denmark,DNK,1974,0
Denmark,DNK,1975,-0.008
Denmark,DNK,1976,-0.006
Denmark,DNK,1977,0.019
Denmark,DNK,1978,0.003
Denmark,DNK,1979,0.006
Denmark,DNK,1980,0.014
Denmark,DNK,1981,0.004
Denmark,DNK,1982,-0.014
Denmark,DNK,1983,0.009
Denmark,DNK,1984,-0.009
Denmark,DNK,1985,-0.001
Denmark,DNK,1986,-0.003
Denmark,DNK,1987,0.002
Denmark,DNK,1988,0.009
Denmark,DNK,1989,-0.028
Denmark,DNK,1990,0.014
Denmark,DNK,1991,-0.007
Denmark,DNK,1992,0.006
Denmark,DNK,1993,-0.001
Denmark,DNK,1994,0.014
Denmark,DNK,1995,-0.006
Denmark,DNK,1996,-0.031
Denmark,DNK,1997,0
Denmark,DNK,1998,0.023
Denmark,DNK,1999,0.009
Denmark,DNK,2000,-0.001
Denmark,DNK,2001,-0.008
Denmark,DNK,2002,0.011
Denmark,DNK,2003,-0.029
Denmark,DNK,2004,0.014
Denmark,DNK,2005,-0.011
Denmark,DNK,2006,0.002
Denmark,DNK,2007,0.012
Denmark,DNK,2008,-0.007
Denmark,DNK,2009,-0.019
Denmark,DNK,2010,0.004
Denmark,DNK,2011,-0.01
Denmark,DNK,2012,0.001
Denmark,DNK,2013,-0.011
Denmark,DNK,2014,0.004
Denmark,DNK,2015,0.007
Denmark,DNK,2016,0.003
Denmark,DNK,2017,-0.004
Denmark,DNK,2018,-0.008
Denmark,DNK,2019,0.005
Ecuador,ECU,1966,0.1
Ecuador,ECU,1967,0.081
Ecuador,ECU,1968,0.039
Ecuador,ECU,1969,0.1
Ecuador,ECU,1970,0.114
Ecuador,ECU,1971,0.097
Ecuador,ECU,1972,0.014
Ecuador,ECU,1973,-0.028
Ecuador,ECU,1974,0.181
Ecuador,ECU,1975,0.356
Ecuador,ECU,1976,-0.064
Ecuador,ECU,1977,-0.131
Ecuador,ECU,1978,0.647
Ecuador,ECU,1979,-0.228
Ecuador,ECU,1980,0.453
Ecuador,ECU,1981,-0.258
Ecuador,ECU,1982,0.322
Ecuador,ECU,1983,2.294
Ecuador,ECU,1984,4.2
Ecuador,ECU,1985,0.128
Ecuador,ECU,1986,2.036
Ecuador,ECU,1987,1.55
Ecuador,ECU,1988,0.711
Ecuador,ECU,1989,0.356
Ecuador,ECU,1990,0.091
Ecuador,ECU,1991,0.248
Ecuador,ECU,1992,-0.284
Ecuador,ECU,1993,2.324
Ecuador,ECU,1994,2.098
Ecuador,ECU,1995,-3.902
Ecuador,ECU,1996,3.286
Ecuador,ECU,1997,0.53
Ecuador,ECU,1998,-0.078
Ecuador,ECU,1999,1.863
Ecuador,ECU,2000,1.207
Ecuador,ECU,2001,-1.629
Ecuador,ECU,2002,1.118
Ecuador,ECU,2003,-1.069
Ecuador,ECU,2004,0.501
Ecuador,ECU,2005,-1.55
Ecuador,ECU,2006,0.543
Ecuador,ECU,2007,4.949
Ecuador,ECU,2008,5.805
Ecuador,ECU,2009,-5.609
Ecuador,ECU,2010,-1.684
Ecuador,ECU,2011,6.333
Ecuador,ECU,2012,2.67
Ecuador,ECU,2013,-3.259
Ecuador,ECU,2014,0.897
Ecuador,ECU,2015,3.971
Ecuador,ECU,2016,6.688
Ecuador,ECU,2017,10.403
Ecuador,ECU,2018,1.171
Ecuador,ECU,2019,9.681
Egypt,EGY,1966,0.258
Egypt,EGY,1967,0.393
Egypt,EGY,1968,2.873
Egypt,EGY,1969,2.75
Egypt,EGY,1970,1.94
Egypt,EGY,1971,0.994
Egypt,EGY,1972,0.319
Egypt,EGY,1973,-0.025
Egypt,EGY,1974,2.676
Egypt,EGY,1975,1.878
Egypt,EGY,1976,3.364
Egypt,EGY,1977,2.873
Egypt,EGY,1978,2.48
Egypt,EGY,1979,-0.896
Egypt,EGY,1980,0.54
Egypt,EGY,1981,1.142
Egypt,EGY,1982,0.773
Egypt,EGY,1983,-1.878
Egypt,EGY,1984,-0.516
Egypt,EGY,1985,-1.339
Egypt,EGY,1986,-0.489
Egypt,EGY,1987,-0.007
Egypt,EGY,1988,-0.39
Egypt,EGY,1989,1.828
Egypt,EGY,1990,1.294
Egypt,EGY,1991,-0.103
Egypt,EGY,1992,-0.322
Egypt,EGY,1993,0.813
Egypt,EGY,1994,1.765
Egypt,EGY,1995,1.289
Egypt,EGY,1996,0.811
Egypt,EGY,1997,0.797
Egypt,EGY,1998,0.926
Egypt,EGY,1999,3.711
Egypt,EGY,2000,2.049
Egypt,EGY,2001,0.394
Egypt,EGY,2002,-1.406
Egypt,EGY,2003,-3.122
Egypt,EGY,2004,-0.516
Egypt,EGY,2005,-0.724
Egypt,EGY,2006,0.162
Egypt,EGY,2007,3.593
Egypt,EGY,2008,2.084
Egypt,EGY,2009,-3.718
Egypt,EGY,2010,-2.354
Egypt,EGY,2011,-0.114
Egypt,EGY,2012,-0.107
Egypt,EGY,2013,0.333
Egypt,EGY,2014,0.689
Egypt,EGY,2015,0.038
Egypt,EGY,2016,-0.66
Egypt,EGY,2017,-1.153
Egypt,EGY,2018,0.415
Egypt,EGY,2019,-0.059
Estonia,EST,1986,0
Estonia,EST,1987,0
Estonia,EST,1988,0
Estonia,EST,1989,0
Estonia,EST,1990,0
Estonia,EST,1991,0
Estonia,EST,1992,0
Estonia,EST,1993,0
Estonia,EST,1994,0
Estonia,EST,1995,0
Estonia,EST,1996,0
Estonia,EST,1997,0
Estonia,EST,1998,0
Estonia,EST,1999,0.011
Estonia,EST,2000,0.003
Estonia,EST,2001,0.005
Estonia,EST,2002,-0.003
Estonia,EST,2003,0.019
Estonia,EST,2004,0.024
Estonia,EST,2005,0
Estonia,EST,2006,-0.022
Estonia,EST,2007,0.021
Estonia,EST,2008,0.015
Estonia,EST,2009,0.01
Estonia,EST,2010,-0.014
Estonia,EST,2011,0.007
Estonia,EST,2012,0.03
Estonia,EST,2013,-0.042
Estonia,EST,2014,0.001
Estonia,EST,2015,0
Estonia,EST,2016,0.02
Estonia,EST,2017,-0.023
Estonia,EST,2018,-0.028
Estonia,EST,2019,0.002
Europe,,1966,62.152
Europe,,1967,-0.298
Europe,,1968,32.705
Europe,,1969,-14.613
Europe,,1970,41.95
Europe,,1971,9.681
Europe,,1972,39.638
Europe,,1973,15.222
Europe,,1974,83.274
Europe,,1975,22.832
Europe,,1976,-85.211
Europe,,1977,220.658
Europe,,1978,-2.064
Europe,,1979,65.614
Europe,,1980,-39.953
Europe,,1981,15.747
Europe,,1982,-11.46
Europe,,1983,38.378
Europe,,1984,14.077
Europe,,1985,49.447
Europe,,1986,-46.948
Europe,,1987,120.59
Europe,,1988,105.454
Europe,,1989,-204.62
Europe,,1990,24.031
Europe,,1991,29.541
Europe,,1992,46.014
Europe,,1993,57.806
Europe,,1994,18.694
Europe,,1995,21.37
Europe,,1996,-46.677
Europe,,1997,54.424
Europe,,1998,72.848
Europe,,1999,11.88
Europe,,2000,54.119
Europe,,2001,-26.658
Europe,,2002,-142.78
Europe,,2003,-103.559
Europe,,2004,100.674
Europe,,2005,-5.54
Europe,,2006,-35.911
Europe,,2007,-3.929
Europe,,2008,67.432
Europe,,2009,-18.29
Europe,,2010,147.094
Europe,,2011,-218.041
Europe,,2012,135.701
Europe,,2013,82.025
Europe,,2014,-54.875
Europe,,2015,-30.4
Europe,,2016,29.549
Europe,,2017,-176.278
Europe,,2018,141.76
Europe,,2019,-37.403
Finland,FIN,1966,2.854
Finland,FIN,1967,3.468
Finland,FIN,1968,-3.168
Finland,FIN,1969,-4.843
Finland,FIN,1970,2.163
Finland,FIN,1971,3.213
Finland,FIN,1972,-0.836
Finland,FIN,1973,0.556
Finland,FIN,1974,5.898
Finland,FIN,1975,-1.372
Finland,FIN,1976,-7.576
Finland,FIN,1977,7.5
Finland,FIN,1978,-6.619
Finland,FIN,1979,2.977
Finland,FIN,1980,-1.815
Finland,FIN,1981,9.548
Finland,FIN,1982,-1.571
Finland,FIN,1983,1.366
Finland,FIN,1984,-0.926
Finland,FIN,1985,-2.536
Finland,FIN,1986,0.154
Finland,FIN,1987,3.906
Finland,FIN,1988,-1.204
Finland,FIN,1989,-0.923
Finland,FIN,1990,-6.027
Finland,FIN,1991,6.493
Finland,FIN,1992,5.306
Finland,FIN,1993,-4.54
Finland,FIN,1994,-4.705
Finland,FIN,1995,3.159
Finland,FIN,1996,-3.042
Finland,FIN,1997,0.256
Finland,FIN,1998,8.366
Finland,FIN,1999,-6.257
Finland,FIN,2000,5.348
Finland,FIN,2001,-4.263
Finland,FIN,2002,-6.867
Finland,FIN,2003,-3.403
Finland,FIN,2004,14.627
Finland,FIN,2005,-4.161
Finland,FIN,2006,-5.94
Finland,FIN,2007,6.993
Finland,FIN,2008,7.55
Finland,FIN,2009,-11.77
Finland,FIN,2010,0.243
Finland,FIN,2011,-1.421
Finland,FIN,2012,11.223
Finland,FIN,2013,-10.591
Finland,FIN,2014,1.263
Finland,FIN,2015,8.342
Finland,FIN,2016,-2.664
Finland,FIN,2017,-2.819
Finland,FIN,2018,-4.243
Finland,FIN,2019,-2.228
France,FRA,1966,14.798
France,FRA,1967,-18.974
France,FRA,1968,14.014
France,FRA,1969,6.999
France,FRA,1970,10.387
France,FRA,1971,-21.735
France,FRA,1972,-0.07
France,FRA,1973,-3.153
France,FRA,1974,23.706
France,FRA,1975,10.771
France,FRA,1976,-32.065
France,FRA,1977,77.107
France,FRA,1978,-22.12
France,FRA,1979,-5.391
France,FRA,1980,8.632
France,FRA,1981,7.412
France,FRA,1982,-4.501
France,FRA,1983,-3.144
France,FRA,1984,-10.425
France,FRA,1985,-8.991
France,FRA,1986,1.549
France,FRA,1987,22.435
France,FRA,1988,16.749
France,FRA,1989,-84.097
France,FRA,1990,19.51
France,FRA,1991,10.378
France,FRA,1992,31.539
France,FRA,1993,-11.281
France,FRA,1994,38.608
France,FRA,1995,-15.764
France,FRA,1996,-19.653
France,FRA,1997,-6.333
France,FRA,1998,-4.642
France,FRA,1999,28.947
France,FRA,2000,-17.086
France,FRA,2001,20.619
France,FRA,2002,-39.356
France,FRA,2003,-5.023
France,FRA,2004,0.634
France,FRA,2005,-22.741
France,FRA,2006,12.021
France,FRA,2007,2.515
France,FRA,2008,15.02
France,FRA,2009,-18.509
France,FRA,2010,13.997
France,FRA,2011,-47.444
France,FRA,2012,35.035
France,FRA,2013,29.941
France,FRA,2014,-21.153
France,FRA,2015,-22.166
France,FRA,2016,13.265
France,FRA,2017,-27.942
France,FRA,2018,35.836
France,FRA,2019,-13.985
Germany,DEU,1966,3.672
Germany,DEU,1967,-2.449
Germany,DEU,1968,0.685
Germany,DEU,1969,-8.849
Germany,DEU,1970,10.612
Germany,DEU,1971,-11.329
Germany,DEU,1972,-0.692
Germany,DEU,1973,5.621
Germany,DEU,1974,6.691
Germany,DEU,1975,-1.608
Germany,DEU,1976,-8.923
Germany,DEU,1977,10.376
Germany,DEU,1978,2.167
Germany,DEU,1979,0.06
Germany,DEU,1980,1.904
Germany,DEU,1981,2.349
Germany,DEU,1982,-0.491
Germany,DEU,1983,-2.85
Germany,DEU,1984,-0.647
Germany,DEU,1985,-2.996
Germany,DEU,1986,3.254
Germany,DEU,1987,4.919
Germany,DEU,1988,-0.732
Germany,DEU,1989,-5.099
Germany,DEU,1990,-2.524
Germany,DEU,1991,-4.125
Germany,DEU,1992,7.736
Germany,DEU,1993,0.903
Germany,DEU,1994,3.431
Germany,DEU,1995,3.781
Germany,DEU,1996,-7.606
Germany,DEU,1997,0.372
Germany,DEU,1998,0.139
Germany,DEU,1999,4.678
Germany,DEU,2000,11.613
Germany,DEU,2001,-4.935
Germany,DEU,2002,0.74
Germany,DEU,2003,-16.598
Germany,DEU,2004,6.119
Germany,DEU,2005,-1.574
Germany,DEU,2006,0.655
Germany,DEU,2007,2.748
Germany,DEU,2008,-2.266
Germany,DEU,2009,-4.037
Germany,DEU,2010,4.705
Germany,DEU,2011,-8.835
Germany,DEU,2012,11.101
Germany,DEU,2013,1.982
Germany,DEU,2014,-9.033
Germany,DEU,2015,-1.84
Germany,DEU,2016,3.662
Germany,DEU,2017,-1.295
Germany,DEU,2018,-5.7
Germany,DEU,2019,5.326
Greece,GRC,1966,2.581
Greece,GRC,1967,-0.194
Greece,GRC,1968,-0.811
Greece,GRC,1969,1.908
Greece,GRC,1970,1.614
Greece,GRC,1971,0.044
Greece,GRC,1972,0.069
Greece,GRC,1973,-1.261
Greece,GRC,1974,0.344
Greece,GRC,1975,-0.922
Greece,GRC,1976,-0.378
Greece,GRC,1977,0.119
Greece,GRC,1978,2.961
Greece,GRC,1979,1.606
Greece,GRC,1980,-0.447
Greece,GRC,1981,0.006
Greece,GRC,1982,0.428
Greece,GRC,1983,-3.392
Greece,GRC,1984,1.45
Greece,GRC,1985,-0.158
Greece,GRC,1986,1.194
Greece,GRC,1987,-1.264
Greece,GRC,1988,-1.15
Greece,GRC,1989,-1.294
Greece,GRC,1990,-0.364
Greece,GRC,1991,3.694
Greece,GRC,1992,-2.489
Greece,GRC,1993,0.219
Greece,GRC,1994,0.881
Greece,GRC,1995,2.583
Greece,GRC,1996,2.275
Greece,GRC,1997,-1.294
Greece,GRC,1998,-0.458
Greece,GRC,1999,2.431
Greece,GRC,2000,-2.497
Greece,GRC,2001,-4.471
Greece,GRC,2002,1.89
Greece,GRC,2003,5.307
Greece,GRC,2004,-0.337
Greece,GRC,2005,0.848
Greece,GRC,2006,2.182
Greece,GRC,2007,-8.795
Greece,GRC,2008,1.861
Greece,GRC,2009,5.356
Greece,GRC,2010,5.352
Greece,GRC,2011,-9.057
Greece,GRC,2012,0.947
Greece,GRC,2013,4.906
Greece,GRC,2014,-4.856
Greece,GRC,2015,4.035
Greece,GRC,2016,-1.487
Greece,GRC,2017,-4.033
Greece,GRC,2018,4.368
Greece,GRC,2019,-4.356
Hong Kong,HKG,1966,0
Hong Kong,HKG,1967,0
Hong Kong,HKG,1968,0
Hong Kong,HKG,1969,0
Hong Kong,HKG,1970,0
Hong Kong,HKG,1971,0
Hong Kong,HKG,1972,0
Hong Kong,HKG,1973,0
Hong Kong,HKG,1974,0
Hong Kong,HKG,1975,0
Hong Kong,HKG,1976,0
Hong Kong,HKG,1977,0
Hong Kong,HKG,1978,0
Hong Kong,HKG,1979,0
Hong Kong,HKG,1980,0
Hong Kong,HKG,1981,0
Hong Kong,HKG,1982,0
Hong Kong,HKG,1983,0
Hong Kong,HKG,1984,0
Hong Kong,HKG,1985,0
Hong Kong,HKG,1986,0
Hong Kong,HKG,1987,0
Hong Kong,HKG,1988,0
Hong Kong,HKG,1989,0
Hong Kong,HKG,1990,0
Hong Kong,HKG,1991,0
Hong Kong,HKG,1992,0
Hong Kong,HKG,1993,0
Hong Kong,HKG,1994,0
Hong Kong,HKG,1995,0
Hong Kong,HKG,1996,0
Hong Kong,HKG,1997,0
Hong Kong,HKG,1998,0
Hong Kong,HKG,1999,0
Hong Kong,HKG,2000,0
Hong Kong,HKG,2001,0
Hong Kong,HKG,2002,0
Hong Kong,HKG,2003,0
Hong Kong,HKG,2004,0
Hong Kong,HKG,2005,0
Hong Kong,HKG,2006,0
Hong Kong,HKG,2007,0
Hong Kong,HKG,2008,0
Hong Kong,HKG,2009,0
Hong Kong,HKG,2010,0
Hong Kong,HKG,2011,0
Hong Kong,HKG,2012,0
Hong Kong,HKG,2013,0
Hong Kong,HKG,2014,0
Hong Kong,HKG,2015,0
Hong Kong,HKG,2016,0
Hong Kong,HKG,2017,0
Hong Kong,HKG,2018,0
Hong Kong,HKG,2019,0
Hungary,HUN,1966,0.069
Hungary,HUN,1967,-0.05
Hungary,HUN,1968,0.019
Hungary,HUN,1969,0.017
Hungary,HUN,1970,-0.019
Hungary,HUN,1971,0.022
Hungary,HUN,1972,0.039
Hungary,HUN,1973,-0.025
Hungary,HUN,1974,-0.056
Hungary,HUN,1975,0.228
Hungary,HUN,1976,0.006
Hungary,HUN,1977,-0.044
Hungary,HUN,1978,-0.031
Hungary,HUN,1979,0.022
Hungary,HUN,1980,-0.094
Hungary,HUN,1981,0.156
Hungary,HUN,1982,-0.025
Hungary,HUN,1983,-0.011
Hungary,HUN,1984,0.072
Hungary,HUN,1985,-0.072
Hungary,HUN,1986,-0.003
Hungary,HUN,1987,0.042
Hungary,HUN,1988,0
Hungary,HUN,1989,-0.031
Hungary,HUN,1990,0.056
Hungary,HUN,1991,0.044
Hungary,HUN,1992,-0.1
Hungary,HUN,1993,0.022
Hungary,HUN,1994,-0.014
Hungary,HUN,1995,0.006
Hungary,HUN,1996,0.122
Hungary,HUN,1997,0.025
Hungary,HUN,1998,-0.169
Hungary,HUN,1999,0.072
Hungary,HUN,2000,-0.008
Hungary,HUN,2001,0.019
Hungary,HUN,2002,0.019
Hungary,HUN,2003,-0.066
Hungary,HUN,2004,0.089
Hungary,HUN,2005,-0.012
Hungary,HUN,2006,-0.046
Hungary,HUN,2007,0.061
Hungary,HUN,2008,0.004
Hungary,HUN,2009,0.036
Hungary,HUN,2010,-0.108
Hungary,HUN,2011,0.085
Hungary,HUN,2012,-0.027
Hungary,HUN,2013,-0.003
Hungary,HUN,2014,0.221
Hungary,HUN,2015,-0.174
Hungary,HUN,2016,0.059
Hungary,HUN,2017,-0.101
Hungary,HUN,2018,0.002
Hungary,HUN,2019,-0.007
Iceland,ISL,1966,-0.047
Iceland,ISL,1967,0.113
Iceland,ISL,1968,0.062
Iceland,ISL,1969,0.481
Iceland,ISL,1970,1.536
Iceland,ISL,1971,0.352
Iceland,ISL,1972,0.453
Iceland,ISL,1973,1.329
Iceland,ISL,1974,0.214
Iceland,ISL,1975,-0.146
Iceland,ISL,1976,0.4
Iceland,ISL,1977,0.473
Iceland,ISL,1978,0.237
Iceland,ISL,1979,0.595
Iceland,ISL,1980,0.65
Iceland,ISL,1981,0.087
Iceland,ISL,1982,0.896
Iceland,ISL,1983,0.502
Iceland,ISL,1984,0.417
Iceland,ISL,1985,-0.208
Iceland,ISL,1986,0.497
Iceland,ISL,1987,0.201
Iceland,ISL,1988,0.694
Iceland,ISL,1989,0.137
Iceland,ISL,1990,-0.165
Iceland,ISL,1991,0
Iceland,ISL,1992,0.418
Iceland,ISL,1993,0.435
Iceland,ISL,1994,0.134
Iceland,ISL,1995,0.466
Iceland,ISL,1996,0.236
Iceland,ISL,1997,1.219
Iceland,ISL,1998,1.151
Iceland,ISL,1999,1.184
Iceland,ISL,2000,0.857
Iceland,ISL,2001,0.498
Iceland,ISL,2002,0.975
Iceland,ISL,2003,0.182
Iceland,ISL,2004,0.011
Iceland,ISL,2005,-0.436
Iceland,ISL,2006,0.613
Iceland,ISL,2007,2.813
Iceland,ISL,2008,10.509
Iceland,ISL,2009,-0.591
Iceland,ISL,2010,0.618
Iceland,ISL,2011,-0.421
Iceland,ISL,2012,-0.635
Iceland,ISL,2013,1.156
Iceland,ISL,2014,-0.171
Iceland,ISL,2015,2.101
Iceland,ISL,2016,-0.989
Iceland,ISL,2017,1.274
Iceland,ISL,2018,-0.817
Iceland,ISL,2019,-1.005
India,IND,1966,2.357
India,IND,1967,6.617
India,IND,1968,9.588
India,IND,1969,7.918
India,IND,1970,4.825
India,IND,1971,8.188
India,IND,1972,-2.725
India,IND,1973,5.843
India,IND,1974,-3.621
India,IND,1975,17.96
India,IND,1976,5.082
India,IND,1977,10.496
India,IND,1978,30.273
India,IND,1979,-5.573
India,IND,1980,3.536
India,IND,1981,10.116
India,IND,1982,-25.62
India,IND,1983,-5.045
India,IND,1984,15.664
India,IND,1985,-5.193
India,IND,1986,2.099
India,IND,1987,-10.017
India,IND,1988,15.701
India,IND,1989,24.319
India,IND,1990,8.409
India,IND,1991,20.894
India,IND,1992,-10.717
India,IND,1993,1.866
India,IND,1994,26.332
India,IND,1995,-11.92
India,IND,1996,-19.065
India,IND,1997,3.204
India,IND,1998,37.283
India,IND,1999,-3.842
India,IND,2000,-14.609
India,IND,2001,-15.097
India,IND,2002,-10.819
India,IND,2003,0.842
India,IND,2004,83.635
India,IND,2005,-10.375
India,IND,2006,38.974
India,IND,2007,24.67
India,IND,2008,-21.673
India,IND,2009,-25.044
India,IND,2010,4.562
India,IND,2011,57.772
India,IND,2012,-43.096
India,IND,2013,39.696
India,IND,2014,15.825
India,IND,2015,-16.56
India,IND,2016,-14.32
India,IND,2017,16.772
India,IND,2018,7.414
India,IND,2019,53.731
Indonesia,IDN,1966,1.522
Indonesia,IDN,1967,0.81
Indonesia,IDN,1968,1.743
Indonesia,IDN,1969,0.417
Indonesia,IDN,1970,2.062
Indonesia,IDN,1971,-7.795
Indonesia,IDN,1972,-0.405
Indonesia,IDN,1973,0.896
Indonesia,IDN,1974,0.466
Indonesia,IDN,1975,0.233
Indonesia,IDN,1976,-2.075
Indonesia,IDN,1977,1.952
Indonesia,IDN,1978,-1.399
Indonesia,IDN,1979,0.393
Indonesia,IDN,1980,-0.368
Indonesia,IDN,1981,-0.012
Indonesia,IDN,1982,0.319
Indonesia,IDN,1983,1.927
Indonesia,IDN,1984,0.528
Indonesia,IDN,1985,1.399
Indonesia,IDN,1986,4.689
Indonesia,IDN,1987,0.356
Indonesia,IDN,1988,1.252
Indonesia,IDN,1989,3.462
Indonesia,IDN,1990,0.59
Indonesia,IDN,1991,2.546
Indonesia,IDN,1992,6.212
Indonesia,IDN,1993,-2.096
Indonesia,IDN,1994,-2.523
Indonesia,IDN,1995,0.862
Indonesia,IDN,1996,1.476
Indonesia,IDN,1997,-8.219
Indonesia,IDN,1998,12.494
Indonesia,IDN,1999,0.045
Indonesia,IDN,2000,-1.011
Indonesia,IDN,2001,4.343
Indonesia,IDN,2002,-4.929
Indonesia,IDN,2003,-2.447
Indonesia,IDN,2004,1.399
Indonesia,IDN,2005,2.661
Indonesia,IDN,2006,-3.127
Indonesia,IDN,2007,4.257
Indonesia,IDN,2008,0.453
Indonesia,IDN,2009,-0.567
Indonesia,IDN,2010,15.65
Indonesia,IDN,2011,-13.332
Indonesia,IDN,2012,0.784
Indonesia,IDN,2013,10.359
Indonesia,IDN,2014,-4.742
Indonesia,IDN,2015,-3.824
Indonesia,IDN,2016,12.208
Indonesia,IDN,2017,-0.388
Indonesia,IDN,2018,-4.759
Indonesia,IDN,2019,0.255
Iran,IRN,1966,0.356
Iran,IRN,1967,0.393
Iran,IRN,1968,0.417
Iran,IRN,1969,0.454
Iran,IRN,1970,0.491
Iran,IRN,1971,0.516
Iran,IRN,1972,2.32
Iran,IRN,1973,-1.485
Iran,IRN,1974,0.835
Iran,IRN,1975,0.454
Iran,IRN,1976,1.129
Iran,IRN,1977,0.356
Iran,IRN,1978,6.236
Iran,IRN,1979,-2.296
Iran,IRN,1980,0.552
Iran,IRN,1981,1.424
Iran,IRN,1982,0.835
Iran,IRN,1983,-0.381
Iran,IRN,1984,-1.129
Iran,IRN,1985,0.133
Iran,IRN,1986,3.197
Iran,IRN,1987,2.128
Iran,IRN,1988,1.194
Iran,IRN,1989,-4.206
Iran,IRN,1990,1.803
Iran,IRN,1991,-4.928
Iran,IRN,1992,9.992
Iran,IRN,1993,3.692
Iran,IRN,1994,-10.103
Iran,IRN,1995,3.964
Iran,IRN,1996,1.364
Iran,IRN,1997,-7.981
Iran,IRN,1998,4.297
Iran,IRN,1999,-6.514
Iran,IRN,2000,-3.783
Iran,IRN,2001,0.873
Iran,IRN,2002,10.593
Iran,IRN,2003,4.153
Iran,IRN,2004,6.182
Iran,IRN,2005,6.561
Iran,IRN,2006,10.61
Iran,IRN,2007,-1.77
Iran,IRN,2008,-28.069
Iran,IRN,2009,-1.997
Iran,IRN,2010,9.093
Iran,IRN,2011,0.957
Iran,IRN,2012,4.515
Iran,IRN,2013,5.239
Iran,IRN,2014,-0.53
Iran,IRN,2015,-3.387
Iran,IRN,2016,5.259
Iran,IRN,2017,4.297
Iran,IRN,2018,-14.768
Iran,IRN,2019,43.407
Iraq,IRQ,1966,0.061
Iraq,IRQ,1967,0.037
Iraq,IRQ,1968,0.061
Iraq,IRQ,1969,0.037
Iraq,IRQ,1970,0.086
Iraq,IRQ,1971,0.077
Iraq,IRQ,1972,0
Iraq,IRQ,1973,0.25
Iraq,IRQ,1974,0.306
Iraq,IRQ,1975,0.169
Iraq,IRQ,1976,-0.006
Iraq,IRQ,1977,0.297
Iraq,IRQ,1978,0.394
Iraq,IRQ,1979,0.9
Iraq,IRQ,1980,-0.95
Iraq,IRQ,1981,-0.222
Iraq,IRQ,1982,-0.028
Iraq,IRQ,1983,0
Iraq,IRQ,1984,0.028
Iraq,IRQ,1985,0
Iraq,IRQ,1986,-0.028
Iraq,IRQ,1987,5.556
Iraq,IRQ,1988,0
Iraq,IRQ,1989,0
Iraq,IRQ,1990,5.695
Iraq,IRQ,1991,-6.959
Iraq,IRQ,1992,8.539
Iraq,IRQ,1993,2.619
Iraq,IRQ,1994,0.239
Iraq,IRQ,1995,2.422
Iraq,IRQ,1996,-1.751
Iraq,IRQ,1997,0.33
Iraq,IRQ,1998,-1.14
Iraq,IRQ,1999,-7.329
Iraq,IRQ,2000,-1.007
Iraq,IRQ,2001,1.334
Iraq,IRQ,2002,2.29
Iraq,IRQ,2003,0.453
Iraq,IRQ,2004,2.608
Iraq,IRQ,2005,-2.401
Iraq,IRQ,2006,0.176
Iraq,IRQ,2007,-1.211
Iraq,IRQ,2008,-4.389
Iraq,IRQ,2009,-0.315
Iraq,IRQ,2010,2.001
Iraq,IRQ,2011,-0.616
Iraq,IRQ,2012,2.516
Iraq,IRQ,2013,0.474
Iraq,IRQ,2014,-4.584
Iraq,IRQ,2015,-0.774
Iraq,IRQ,2016,2.037
Iraq,IRQ,2017,-3.038
Iraq,IRQ,2018,-0.923
Iraq,IRQ,2019,1.618
Ireland,IRL,1966,-0.258
Ireland,IRL,1967,-0.129
Ireland,IRL,1968,-0.097
Ireland,IRL,1969,-0.517
Ireland,IRL,1970,0.614
Ireland,IRL,1971,-0.937
Ireland,IRL,1972,0.614
Ireland,IRL,1973,-0.129
Ireland,IRL,1974,0.42
Ireland,IRL,1975,-0.743
Ireland,IRL,1976,0.194
Ireland,IRL,1977,0.42
Ireland,IRL,1978,-0.129
Ireland,IRL,1979,0.355
Ireland,IRL,1980,0.032
Ireland,IRL,1981,0.065
Ireland,IRL,1982,-0.162
Ireland,IRL,1983,-0.065
Ireland,IRL,1984,-0.258
Ireland,IRL,1985,0.42
Ireland,IRL,1986,0.226
Ireland,IRL,1987,-0.646
Ireland,IRL,1988,0.517
Ireland,IRL,1989,-0.485
Ireland,IRL,1990,-0.002
Ireland,IRL,1991,0.136
Ireland,IRL,1992,0.197
Ireland,IRL,1993,-0.144
Ireland,IRL,1994,0.431
Ireland,IRL,1995,-0.575
Ireland,IRL,1996,0.025
Ireland,IRL,1997,-0.122
Ireland,IRL,1998,0.661
Ireland,IRL,1999,-0.194
Ireland,IRL,2000,0
Ireland,IRL,2001,-0.705
Ireland,IRL,2002,0.856
Ireland,IRL,2003,-0.871
Ireland,IRL,2004,0.076
Ireland,IRL,2005,-0.007
Ireland,IRL,2006,0.238
Ireland,IRL,2007,-0.165
Ireland,IRL,2008,0.786
Ireland,IRL,2009,-0.19
Ireland,IRL,2010,-0.803
Ireland,IRL,2011,0.269
Ireland,IRL,2012,0.235
Ireland,IRL,2013,-0.532
Ireland,IRL,2014,0.269
Ireland,IRL,2015,0.237
Ireland,IRL,2016,-0.328
Ireland,IRL,2017,0.016
Ireland,IRL,2018,-0.004
Ireland,IRL,2019,0.47
Israel,ISR,1966,0
Israel,ISR,1967,0
Israel,ISR,1968,0
Israel,ISR,1969,0
Israel,ISR,1970,0
Israel,ISR,1971,0
Israel,ISR,1972,0
Israel,ISR,1973,0
Israel,ISR,1974,0
Israel,ISR,1975,0
Israel,ISR,1976,0
Israel,ISR,1977,0
Israel,ISR,1978,0
Israel,ISR,1979,0
Israel,ISR,1980,0
Israel,ISR,1981,0.006
Israel,ISR,1982,0
Israel,ISR,1983,-0.003
Israel,ISR,1984,0.003
Israel,ISR,1985,0
Israel,ISR,1986,0.011
Israel,ISR,1987,0.011
Israel,ISR,1988,0
Israel,ISR,1989,-0.019
Israel,ISR,1990,0
Israel,ISR,1991,0.008
Israel,ISR,1992,0.064
Israel,ISR,1993,-0.008
Israel,ISR,1994,-0.008
Israel,ISR,1995,0.006
Israel,ISR,1996,-0.003
Israel,ISR,1997,0.003
Israel,ISR,1998,0
Israel,ISR,1999,0.022
Israel,ISR,2000,-0.006
Israel,ISR,2001,-0.059
Israel,ISR,2002,0.03
Israel,ISR,2003,0.027
Israel,ISR,2004,-0.009
Israel,ISR,2005,0
Israel,ISR,2006,-0.035
Israel,ISR,2007,-0.003
Israel,ISR,2008,0.005
Israel,ISR,2009,0.021
Israel,ISR,2010,0.018
Israel,ISR,2011,-0.006
Israel,ISR,2012,0.01
Israel,ISR,2013,-0.014
Israel,ISR,2014,-0.039
Israel,ISR,2015,0.03
Israel,ISR,2016,-0.018
Israel,ISR,2017,0.001
Israel,ISR,2018,0.013
Israel,ISR,2019,0
Italy,ITA,1966,3.017
Italy,ITA,1967,-3.833
Italy,ITA,1968,0.936
Italy,ITA,1969,-4.197
Italy,ITA,1970,-2.203
Italy,ITA,1971,-3.594
Italy,ITA,1972,6.303
Italy,ITA,1973,-10.625
Italy,ITA,1974,0.756
Italy,ITA,1975,8.961
Italy,ITA,1976,-5.125
Italy,ITA,1977,33.231
Italy,ITA,1978,-15.689
Italy,ITA,1979,1.267
Italy,ITA,1980,-1.953
Italy,ITA,1981,-6.139
Italy,ITA,1982,-4.369
Italy,ITA,1983,-0.044
Italy,ITA,1984,2.656
Italy,ITA,1985,-3.636
Italy,ITA,1986,0.011
Italy,ITA,1987,-4.419
Italy,ITA,1988,3.253
Italy,ITA,1989,-18.386
Italy,ITA,1990,-6.753
Italy,ITA,1991,29.481
Italy,ITA,1992,-0.108
Italy,ITA,1993,-2.153
Italy,ITA,1994,8.981
Italy,ITA,1995,-19.1
Italy,ITA,1996,11.819
Italy,ITA,1997,-1.206
Italy,ITA,1998,-1.064
Italy,ITA,1999,11.514
Italy,ITA,2000,-3.236
Italy,ITA,2001,6.408
Italy,ITA,2002,-20.828
Italy,ITA,2003,-8.456
Italy,ITA,2004,14.707
Italy,ITA,2005,-17.594
Italy,ITA,2006,1.868
Italy,ITA,2007,-11.718
Italy,ITA,2008,22.71
Italy,ITA,2009,19.037
Italy,ITA,2010,4.369
Italy,ITA,2011,-14.532
Italy,ITA,2012,-10.889
Italy,ITA,2013,27.254
Italy,ITA,2014,13.878
Italy,ITA,2015,-37.416
Italy,ITA,2016,-9.458
Italy,ITA,2017,-16.186
Italy,ITA,2018,31.055
Italy,ITA,2019,-5.211
Japan,JPN,1966,9.111
Japan,JPN,1967,-30
Japan,JPN,1968,13.611
Japan,JPN,1969,5.278
Japan,JPN,1970,0.139
Japan,JPN,1971,24.444
Japan,JPN,1972,2.5
Japan,JPN,1973,-50.894
Japan,JPN,1974,44.172
Japan,JPN,1975,2.017
Japan,JPN,1976,0.511
Japan,JPN,1977,-29.506
Japan,JPN,1978,-8.114
Japan,JPN,1979,29.711
Japan,JPN,1980,20.969
Japan,JPN,1981,-1.939
Japan,JPN,1982,-16.633
Japan,JPN,1983,7.408
Japan,JPN,1984,-35.156
Japan,JPN,1985,31.269
Japan,JPN,1986,-5.717
Japan,JPN,1987,-16.747
Japan,JPN,1988,43.067
Japan,JPN,1989,4.028
Japan,JPN,1990,-13.461
Japan,JPN,1991,20.892
Japan,JPN,1992,-39.917
Japan,JPN,1993,34.817
Japan,JPN,1994,-78.106
Japan,JPN,1995,39.808
Japan,JPN,1996,-4.5
Japan,JPN,1997,25.742
Japan,JPN,1998,7.331
Japan,JPN,1999,-14.686
Japan,JPN,2000,1.878
Japan,JPN,2001,-9.612
Japan,JPN,2002,-4.021
Japan,JPN,2003,30.927
Japan,JPN,2004,-3.784
Japan,JPN,2005,-39.513
Japan,JPN,2006,28.747
Japan,JPN,2007,-39.461
Japan,JPN,2008,0.499
Japan,JPN,2009,-13.55
Japan,JPN,2010,45.894
Japan,JPN,2011,-16.997
Japan,JPN,2012,-15.171
Japan,JPN,2013,4.517
Japan,JPN,2014,4.833
Japan,JPN,2015,9.024
Japan,JPN,2016,-30.682
Japan,JPN,2017,11.827
Japan,JPN,2018,3.198
Japan,JPN,2019,-18.249
Kazakhstan,KAZ,1986,-1.191
Kazakhstan,KAZ,1987,2.639
Kazakhstan,KAZ,1988,3.499
Kazakhstan,KAZ,1989,0.835
Kazakhstan,KAZ,1990,0.206
Kazakhstan,KAZ,1991,-0.461
Kazakhstan,KAZ,1992,-0.928
Kazakhstan,KAZ,1993,2.119
Kazakhstan,KAZ,1994,4.306
Kazakhstan,KAZ,1995,-2.356
Kazakhstan,KAZ,1996,-2.778
Kazakhstan,KAZ,1997,-2.311
Kazakhstan,KAZ,1998,-0.994
Kazakhstan,KAZ,1999,-0.025
Kazakhstan,KAZ,2000,3.886
Kazakhstan,KAZ,2001,1.382
Kazakhstan,KAZ,2002,2.073
Kazakhstan,KAZ,2003,-0.878
Kazakhstan,KAZ,2004,-1.687
Kazakhstan,KAZ,2005,-0.678
Kazakhstan,KAZ,2006,-0.368
Kazakhstan,KAZ,2007,0.942
Kazakhstan,KAZ,2008,-2.013
Kazakhstan,KAZ,2009,-1.645
Kazakhstan,KAZ,2010,2.869
Kazakhstan,KAZ,2011,-0.487
Kazakhstan,KAZ,2012,-0.758
Kazakhstan,KAZ,2013,0.121
Kazakhstan,KAZ,2014,1.236
Kazakhstan,KAZ,2015,2.421
Kazakhstan,KAZ,2016,5.775
Kazakhstan,KAZ,2017,-1.198
Kazakhstan,KAZ,2018,-2.236
Kazakhstan,KAZ,2019,-1.06
Kuwait,KWT,1966,0
Kuwait,KWT,1967,0
Kuwait,KWT,1968,0
Kuwait,KWT,1969,0
Kuwait,KWT,1970,0
Kuwait,KWT,1971,0
Kuwait,KWT,1972,0
Kuwait,KWT,1973,0
Kuwait,KWT,1974,0
Kuwait,KWT,1975,0
Kuwait,KWT,1976,0
Kuwait,KWT,1977,0
Kuwait,KWT,1978,0
Kuwait,KWT,1979,0
Kuwait,KWT,1980,0
Kuwait,KWT,1981,0
Kuwait,KWT,1982,0
Kuwait,KWT,1983,0
Kuwait,KWT,1984,0
Kuwait,KWT,1985,0
Kuwait,KWT,1986,0
Kuwait,KWT,1987,0
Kuwait,KWT,1988,0
Kuwait,KWT,1989,0
Kuwait,KWT,1990,0
Kuwait,KWT,1991,0
Kuwait,KWT,1992,0
Kuwait,KWT,1993,0
Kuwait,KWT,1994,0
Kuwait,KWT,1995,0
Kuwait,KWT,1996,0
Kuwait,KWT,1997,0
Kuwait,KWT,1998,0
Kuwait,KWT,1999,0
Kuwait,KWT,2000,0
Kuwait,KWT,2001,0
Kuwait,KWT,2002,0
Kuwait,KWT,2003,0
Kuwait,KWT,2004,0
Kuwait,KWT,2005,0
Kuwait,KWT,2006,0
Kuwait,KWT,2007,0
Kuwait,KWT,2008,0
Kuwait,KWT,2009,0
Kuwait,KWT,2010,0
Kuwait,KWT,2011,0
Kuwait,KWT,2012,0
Kuwait,KWT,2013,0
Kuwait,KWT,2014,0
Kuwait,KWT,2015,0
Kuwait,KWT,2016,0
Kuwait,KWT,2017,0
Kuwait,KWT,2018,0
Kuwait,KWT,2019,0
Latvia,LVA,1986,0.061
Latvia,LVA,1987,1.94
Latvia,LVA,1988,-1.94
Latvia,LVA,1989,1.682
Latvia,LVA,1990,2.472
Latvia,LVA,1991,-3.392
Latvia,LVA,1992,-2.094
Latvia,LVA,1993,0.986
Latvia,LVA,1994,1.192
Latvia,LVA,1995,-1.022
Latvia,LVA,1996,-2.992
Latvia,LVA,1997,3.036
Latvia,LVA,1998,3.786
Latvia,LVA,1999,-4.331
Latvia,LVA,2000,0.172
Latvia,LVA,2001,-0.012
Latvia,LVA,2002,-1.062
Latvia,LVA,2003,-0.583
Latvia,LVA,2004,2.243
Latvia,LVA,2005,0.53
Latvia,LVA,2006,-1.735
Latvia,LVA,2007,0.048
Latvia,LVA,2008,0.947
Latvia,LVA,2009,0.862
Latvia,LVA,2010,0.109
Latvia,LVA,2011,-1.696
Latvia,LVA,2012,2.049
Latvia,LVA,2013,-2.075
Latvia,LVA,2014,-2.381
Latvia,LVA,2015,-0.349
Latvia,LVA,2016,1.634
Latvia,LVA,2017,4.592
Latvia,LVA,2018,-4.908
Latvia,LVA,2019,-0.824
Lithuania,LTU,1986,-0.025
Lithuania,LTU,1987,-0.061
Lithuania,LTU,1988,0.061
Lithuania,LTU,1989,0
Lithuania,LTU,1990,0.082
Lithuania,LTU,1991,-0.211
Lithuania,LTU,1992,-0.075
Lithuania,LTU,1993,0.228
Lithuania,LTU,1994,0.164
Lithuania,LTU,1995,-0.219
Lithuania,LTU,1996,-0.131
Lithuania,LTU,1997,-0.086
Lithuania,LTU,1998,0.339
Lithuania,LTU,1999,-0.008
Lithuania,LTU,2000,-0.208
Lithuania,LTU,2001,-0.044
Lithuania,LTU,2002,0.07
Lithuania,LTU,2003,-0.083
Lithuania,LTU,2004,0.253
Lithuania,LTU,2005,0.074
Lithuania,LTU,2006,-0.151
Lithuania,LTU,2007,0.056
Lithuania,LTU,2008,-0.056
Lithuania,LTU,2009,0.052
Lithuania,LTU,2010,0.295
Lithuania,LTU,2011,-0.164
Lithuania,LTU,2012,-0.156
Lithuania,LTU,2013,0.247
Lithuania,LTU,2014,-0.321
Lithuania,LTU,2015,-0.129
Lithuania,LTU,2016,0.257
Lithuania,LTU,2017,0.365
Lithuania,LTU,2018,-0.388
Lithuania,LTU,2019,-0.262
Luxembourg,LUX,1966,-0.024
Luxembourg,LUX,1967,0.028
Luxembourg,LUX,1968,0.005
Luxembourg,LUX,1969,-0.032
Luxembourg,LUX,1970,0.023
Luxembourg,LUX,1971,-0.104
Luxembourg,LUX,1972,0.024
Luxembourg,LUX,1973,-0.019
Luxembourg,LUX,1974,0.067
Luxembourg,LUX,1975,-0.028
Luxembourg,LUX,1976,-0.067
Luxembourg,LUX,1977,0.105
Luxembourg,LUX,1978,-0.011
Luxembourg,LUX,1979,0.019
Luxembourg,LUX,1980,0.013
Luxembourg,LUX,1981,0.017
Luxembourg,LUX,1982,-0.029
Luxembourg,LUX,1983,-0.003
Luxembourg,LUX,1984,0.014
Luxembourg,LUX,1985,-0.045
Luxembourg,LUX,1986,0.046
Luxembourg,LUX,1987,0.039
Luxembourg,LUX,1988,-0.023
Luxembourg,LUX,1989,-0.061
Luxembourg,LUX,1990,0
Luxembourg,LUX,1991,0.039
Luxembourg,LUX,1992,-0.039
Luxembourg,LUX,1993,-0.008
Luxembourg,LUX,1994,0.053
Luxembourg,LUX,1995,0.006
Luxembourg,LUX,1996,-0.078
Luxembourg,LUX,1997,0.064
Luxembourg,LUX,1998,0.089
Luxembourg,LUX,1999,-0.083
Luxembourg,LUX,2000,0.107
Luxembourg,LUX,2001,-0.017
Luxembourg,LUX,2002,-0.052
Luxembourg,LUX,2003,-0.057
Luxembourg,LUX,2004,0.065
Luxembourg,LUX,2005,-0.032
Luxembourg,LUX,2006,0.048
Luxembourg,LUX,2007,0.012
Luxembourg,LUX,2008,0.039
Luxembourg,LUX,2009,-0.071
Luxembourg,LUX,2010,0.003
Luxembourg,LUX,2011,-0.117
Luxembourg,LUX,2012,0.09
Luxembourg,LUX,2013,0.052
Luxembourg,LUX,2014,-0.031
Luxembourg,LUX,2015,-0.023
Luxembourg,LUX,2016,0.039
Luxembourg,LUX,2017,-0.076
Luxembourg,LUX,2018,0.016
Luxembourg,LUX,2019,0.032
Malaysia,MYS,1966,0.292
Malaysia,MYS,1967,0.092
Malaysia,MYS,1968,0.219
Malaysia,MYS,1969,0.583
Malaysia,MYS,1970,0.522
Malaysia,MYS,1971,-0.433
Malaysia,MYS,1972,0.3
Malaysia,MYS,1973,-0.128
Malaysia,MYS,1974,-0.283
Malaysia,MYS,1975,-0.003
Malaysia,MYS,1976,-0.158
Malaysia,MYS,1977,-0.497
Malaysia,MYS,1978,0.375
Malaysia,MYS,1979,0.554
Malaysia,MYS,1980,0.848
Malaysia,MYS,1981,0.424
Malaysia,MYS,1982,-0.163
Malaysia,MYS,1983,0.685
Malaysia,MYS,1984,4.728
Malaysia,MYS,1985,0.88
Malaysia,MYS,1986,0.978
Malaysia,MYS,1987,2.348
Malaysia,MYS,1988,2.12
Malaysia,MYS,1989,-1.207
Malaysia,MYS,1990,-3.522
Malaysia,MYS,1991,1.174
Malaysia,MYS,1992,-0.454
Malaysia,MYS,1993,1.575
Malaysia,MYS,1994,4.528
Malaysia,MYS,1995,-0.736
Malaysia,MYS,1996,-2.872
Malaysia,MYS,1997,-2.808
Malaysia,MYS,1998,0.789
Malaysia,MYS,1999,8.597
Malaysia,MYS,2000,-1.55
Malaysia,MYS,2001,-2.687
Malaysia,MYS,2002,-1.893
Malaysia,MYS,2003,-0.981
Malaysia,MYS,2004,1.219
Malaysia,MYS,2005,1.072
Malaysia,MYS,2006,0.743
Malaysia,MYS,2007,-1.078
Malaysia,MYS,2008,4.785
Malaysia,MYS,2009,-2.533
Malaysia,MYS,2010,-1.49
Malaysia,MYS,2011,4.291
Malaysia,MYS,2012,2.952
Malaysia,MYS,2013,6.379
Malaysia,MYS,2014,3.864
Malaysia,MYS,2015,1.153
Malaysia,MYS,2016,15.132
Malaysia,MYS,2017,16.759
Malaysia,MYS,2018,-1.325
Malaysia,MYS,2019,1.18
Mexico,MEX,1966,3.486
Mexico,MEX,1967,2.497
Mexico,MEX,1968,4.514
Mexico,MEX,1969,2.122
Mexico,MEX,1970,4.442
Mexico,MEX,1971,-1.203
Mexico,MEX,1972,2.664
Mexico,MEX,1973,2.333
Mexico,MEX,1974,0.936
Mexico,MEX,1975,-4.239
Mexico,MEX,1976,5.758
Mexico,MEX,1977,5.383
Mexico,MEX,1978,-8.267
Mexico,MEX,1979,4.975
Mexico,MEX,1980,-3.05
Mexico,MEX,1981,21.411
Mexico,MEX,1982,-4.706
Mexico,MEX,1983,-6.086
Mexico,MEX,1984,7.972
Mexico,MEX,1985,13.401
Mexico,MEX,1986,-19.805
Mexico,MEX,1987,-5.59
Mexico,MEX,1988,7.086
Mexico,MEX,1989,9.772
Mexico,MEX,1990,-2.426
Mexico,MEX,1991,-5.155
Mexico,MEX,1992,11.635
Mexico,MEX,1993,-0.441
Mexico,MEX,1994,-17.732
Mexico,MEX,1995,20.354
Mexico,MEX,1996,10.382
Mexico,MEX,1997,-13.817
Mexico,MEX,1998,-4.914
Mexico,MEX,1999,22.554
Mexico,MEX,2000,1.007
Mexico,MEX,2001,-13.401
Mexico,MEX,2002,-10.305
Mexico,MEX,2003,-14.084
Mexico,MEX,2004,14.068
Mexico,MEX,2005,6.382
Mexico,MEX,2006,6.847
Mexico,MEX,2007,-8.761
Mexico,MEX,2008,30.92
Mexico,MEX,2009,-33.437
Mexico,MEX,2010,26.78
Mexico,MEX,2011,-2.891
Mexico,MEX,2012,-11.799
Mexico,MEX,2013,-10.453
Mexico,MEX,2014,27.237
Mexico,MEX,2015,-20.83
Mexico,MEX,2016,-0.951
Mexico,MEX,2017,2.422
Mexico,MEX,2018,1.12
Mexico,MEX,2019,-21.829
Morocco,MAR,1966,-0.442
Morocco,MAR,1967,-0.339
Morocco,MAR,1968,0.35
Morocco,MAR,1969,0.861
Morocco,MAR,1970,-0.061
Morocco,MAR,1971,0.483
Morocco,MAR,1972,0.211
Morocco,MAR,1973,-1.122
Morocco,MAR,1974,0.403
Morocco,MAR,1975,-0.892
Morocco,MAR,1976,-0.05
Morocco,MAR,1977,1.019
Morocco,MAR,1978,0.142
Morocco,MAR,1979,0.461
Morocco,MAR,1980,-0.186
Morocco,MAR,1981,-1.364
Morocco,MAR,1982,-1.256
Morocco,MAR,1983,-0.253
Morocco,MAR,1984,-0.319
Morocco,MAR,1985,0.333
Morocco,MAR,1986,0.436
Morocco,MAR,1987,0.506
Morocco,MAR,1988,0.308
Morocco,MAR,1989,0.614
Morocco,MAR,1990,0.175
Morocco,MAR,1991,0.017
Morocco,MAR,1992,-0.728
Morocco,MAR,1993,-1.447
Morocco,MAR,1994,1.103
Morocco,MAR,1995,-0.636
Morocco,MAR,1996,3.739
Morocco,MAR,1997,0.35
Morocco,MAR,1998,-0.85
Morocco,MAR,1999,-2.644
Morocco,MAR,2000,-0.297
Morocco,MAR,2001,0.385
Morocco,MAR,2002,-0.071
Morocco,MAR,2003,1.619
Morocco,MAR,2004,0.38
Morocco,MAR,2005,-1.713
Morocco,MAR,2006,0.031
Morocco,MAR,2007,-0.23
Morocco,MAR,2008,0.022
Morocco,MAR,2009,4.32
Morocco,MAR,2010,2.304
Morocco,MAR,2011,-3.845
Morocco,MAR,2012,-0.996
Morocco,MAR,2013,2.929
Morocco,MAR,2014,-2.963
Morocco,MAR,2015,0.602
Morocco,MAR,2016,-1.611
Morocco,MAR,2017,-0.196
Morocco,MAR,2018,1.247
Morocco,MAR,2019,-1.082
Netherlands,NLD,1966,0
Netherlands,NLD,1967,0
Netherlands,NLD,1968,0
Netherlands,NLD,1969,0
Netherlands,NLD,1970,0
Netherlands,NLD,1971,0
Netherlands,NLD,1972,0
Netherlands,NLD,1973,0
Netherlands,NLD,1974,0
Netherlands,NLD,1975,0
Netherlands,NLD,1976,0
Netherlands,NLD,1977,0
Netherlands,NLD,1978,0
Netherlands,NLD,1979,0
Netherlands,NLD,1980,0
Netherlands,NLD,1981,0
Netherlands,NLD,1982,0
Netherlands,NLD,1983,0
Netherlands,NLD,1984,0
Netherlands,NLD,1985,0.008
Netherlands,NLD,1986,0
Netherlands,NLD,1987,-0.006
Netherlands,NLD,1988,0.003
Netherlands,NLD,1989,0.097
Netherlands,NLD,1990,0.133
Netherlands,NLD,1991,0.053
Netherlands,NLD,1992,0.044
Netherlands,NLD,1993,-0.078
Netherlands,NLD,1994,0.022
Netherlands,NLD,1995,-0.033
Netherlands,NLD,1996,-0.022
Netherlands,NLD,1997,0.033
Netherlands,NLD,1998,0.056
Netherlands,NLD,1999,-0.061
Netherlands,NLD,2000,0.145
Netherlands,NLD,2001,-0.072
Netherlands,NLD,2002,-0.023
Netherlands,NLD,2003,-0.104
Netherlands,NLD,2004,0.063
Netherlands,NLD,2005,-0.022
Netherlands,NLD,2006,0.044
Netherlands,NLD,2007,0.003
Netherlands,NLD,2008,-0.02
Netherlands,NLD,2009,-0.009
Netherlands,NLD,2010,0.017
Netherlands,NLD,2011,-0.124
Netherlands,NLD,2012,0.121
Netherlands,NLD,2013,0.024
Netherlands,NLD,2014,-0.008
Netherlands,NLD,2015,-0.05
Netherlands,NLD,2016,0.016
Netherlands,NLD,2017,-0.1
Netherlands,NLD,2018,0.028
Netherlands,NLD,2019,0.004
New Zealand,NZL,1966,2.185
New Zealand,NZL,1967,1.154
New Zealand,NZL,1968,1.535
New Zealand,NZL,1969,-0.381
New Zealand,NZL,1970,2.873
New Zealand,NZL,1971,4.788
New Zealand,NZL,1972,2.418
New Zealand,NZL,1973,-0.466
New Zealand,NZL,1974,0.256
New Zealand,NZL,1975,4.097
New Zealand,NZL,1976,-3.235
New Zealand,NZL,1977,-2.163
New Zealand,NZL,1978,2.609
New Zealand,NZL,1979,7.733
New Zealand,NZL,1980,2.559
New Zealand,NZL,1981,0.875
New Zealand,NZL,1982,-3.822
New Zealand,NZL,1983,4.021
New Zealand,NZL,1984,1.737
New Zealand,NZL,1985,-1.858
New Zealand,NZL,1986,6.638
New Zealand,NZL,1987,-0.47
New Zealand,NZL,1988,2.873
New Zealand,NZL,1989,-1.122
New Zealand,NZL,1990,1.74
New Zealand,NZL,1991,-0.808
New Zealand,NZL,1992,-5.005
New Zealand,NZL,1993,6.667
New Zealand,NZL,1994,6.512
New Zealand,NZL,1995,4.716
New Zealand,NZL,1996,-3.755
New Zealand,NZL,1997,-8.124
New Zealand,NZL,1998,5.725
New Zealand,NZL,1999,-6.666
New Zealand,NZL,2000,4.21
New Zealand,NZL,2001,-8.041
New Zealand,NZL,2002,8.366
New Zealand,NZL,2003,-3.843
New Zealand,NZL,2004,9.382
New Zealand,NZL,2005,-10.991
New Zealand,NZL,2006,0.262
New Zealand,NZL,2007,-0.215
New Zealand,NZL,2008,-3.804
New Zealand,NZL,2009,4.542
New Zealand,NZL,2010,0.938
New Zealand,NZL,2011,0.602
New Zealand,NZL,2012,-6.097
New Zealand,NZL,2013,-0.016
New Zealand,NZL,2014,2.927
New Zealand,NZL,2015,0.168
New Zealand,NZL,2016,3.135
New Zealand,NZL,2017,-2.241
New Zealand,NZL,2018,2.391
New Zealand,NZL,2019,-1.985
North America,,1966,42.027
North America,,1967,86.408
North America,,1968,13.43
North America,,1969,119.655
North America,,1970,18.227
North America,,1971,62.924
North America,,1972,73.886
North America,,1973,37.088
North America,,1974,126.172
North America,,1975,-29.98
North America,,1976,-11.39
North America,,1977,-151.581
North America,,1978,201.673
North America,,1979,28.513
North America,,1980,5.544
North America,,1981,19.674
North America,,1982,108.627
North America,,1983,80.873
North America,,1984,33.196
North America,,1985,-50.163
North America,,1986,26.813
North America,,1987,-105.573
North America,,1988,-92.349
North America,,1989,91.312
North America,,1990,60.881
North America,,1991,13.284
North America,,1992,-66.148
North America,,1993,96.405
North America,,1994,-57.365
North America,,1995,181.695
North America,,1996,168.332
North America,,1997,-6.842
North America,,1998,-148.508
North America,,1999,46.573
North America,,2000,-88.117
North America,,2001,-266.952
North America,,2002,160.143
North America,,2003,-28.39
North America,,2004,-10.41
North America,,2005,69.871
North America,,2006,23.074
North America,,2007,-93.18
North America,,2008,68.034
North America,,2009,-13.04
North America,,2010,-65.815
North America,,2011,202.937
North America,,2012,-119.312
North America,,2013,-10.258
North America,,2014,-33.975
North America,,2015,-54.799
North America,,2016,41.317
North America,,2017,98.313
North America,,2018,-48.756
North America,,2019,-83.134
North Macedonia,MKD,1991,0.992
North Macedonia,MKD,1992,0
North Macedonia,MKD,1993,-0.906
North Macedonia,MKD,1994,0.481
North Macedonia,MKD,1995,0.294
North Macedonia,MKD,1996,0.136
North Macedonia,MKD,1997,0.139
North Macedonia,MKD,1998,0.508
North Macedonia,MKD,1999,0.85
North Macedonia,MKD,2000,-0.608
North Macedonia,MKD,2001,-1.522
North Macedonia,MKD,2002,0.348
North Macedonia,MKD,2003,1.668
North Macedonia,MKD,2004,0.269
North Macedonia,MKD,2005,0.002
North Macedonia,MKD,2006,0.397
North Macedonia,MKD,2007,-1.728
North Macedonia,MKD,2008,-0.465
North Macedonia,MKD,2009,1.114
North Macedonia,MKD,2010,3.007
North Macedonia,MKD,2011,-2.625
North Macedonia,MKD,2012,-1.032
North Macedonia,MKD,2013,1.374
North Macedonia,MKD,2014,-0.985
North Macedonia,MKD,2015,1.648
North Macedonia,MKD,2016,0.053
North Macedonia,MKD,2017,-1.996
North Macedonia,MKD,2018,1.677
North Macedonia,MKD,2019,-1.571
Norway,NOR,1966,-1.967
Norway,NOR,1967,12.658
Norway,NOR,1968,19.178
Norway,NOR,1969,-7.872
Norway,NOR,1970,1.214
Norway,NOR,1971,15.103
Norway,NOR,1972,11.589
Norway,NOR,1973,15.139
Norway,NOR,1974,10.361
Norway,NOR,1975,2.036
Norway,NOR,1976,12.786
Norway,NOR,1977,-27.531
Norway,NOR,1978,24.122
Norway,NOR,1979,22.2
Norway,NOR,1980,-14.125
Norway,NOR,1981,25.614
Norway,NOR,1982,-0.931
Norway,NOR,1983,36.636
Norway,NOR,1984,0.597
Norway,NOR,1985,-9.778
Norway,NOR,1986,-17.172
Norway,NOR,1987,19.644
Norway,NOR,1988,15.511
Norway,NOR,1989,26.508
Norway,NOR,1990,7.625
Norway,NOR,1991,-30.586
Norway,NOR,1992,18.158
Norway,NOR,1993,7.117
Norway,NOR,1994,-21.083
Norway,NOR,1995,27.464
Norway,NOR,1996,-49.078
Norway,NOR,1997,16.425
Norway,NOR,1998,16.467
Norway,NOR,1999,15.969
Norway,NOR,2000,56.572
Norway,NOR,2001,-61.492
Norway,NOR,2002,22.283
Norway,NOR,2003,-67.364
Norway,NOR,2004,7.105
Norway,NOR,2005,70.513
Norway,NOR,2006,-45.915
Norway,NOR,2007,35.956
Norway,NOR,2008,12.018
Norway,NOR,2009,-38.367
Norway,NOR,2010,-24.265
Norway,NOR,2011,7.32
Norway,NOR,2012,53.353
Norway,NOR,2013,-36.978
Norway,NOR,2014,16.575
Norway,NOR,2015,2.661
Norway,NOR,2016,10.81
Norway,NOR,2017,-3.264
Norway,NOR,2018,-9.441
Norway,NOR,2019,-35.284
Oman,OMN,1966,0
Oman,OMN,1967,0
Oman,OMN,1968,0
Oman,OMN,1969,0
Oman,OMN,1970,0
Oman,OMN,1971,0
Oman,OMN,1972,0
Oman,OMN,1973,0
Oman,OMN,1974,0
Oman,OMN,1975,0
Oman,OMN,1976,0
Oman,OMN,1977,0
Oman,OMN,1978,0
Oman,OMN,1979,0
Oman,OMN,1980,0
Oman,OMN,1981,0
Oman,OMN,1982,0
Oman,OMN,1983,0
Oman,OMN,1984,0
Oman,OMN,1985,0
Oman,OMN,1986,0
Oman,OMN,1987,0
Oman,OMN,1988,0
Oman,OMN,1989,0
Oman,OMN,1990,0
Oman,OMN,1991,0
Oman,OMN,1992,0
Oman,OMN,1993,0
Oman,OMN,1994,0
Oman,OMN,1995,0
Oman,OMN,1996,0
Oman,OMN,1997,0
Oman,OMN,1998,0
Oman,OMN,1999,0
Oman,OMN,2000,0
Oman,OMN,2001,0
Oman,OMN,2002,0
Oman,OMN,2003,0
Oman,OMN,2004,0
Oman,OMN,2005,0
Oman,OMN,2006,0
Oman,OMN,2007,0
Oman,OMN,2008,0
Oman,OMN,2009,0
Oman,OMN,2010,0
Oman,OMN,2011,0
Oman,OMN,2012,0
Oman,OMN,2013,0
Oman,OMN,2014,0
Oman,OMN,2015,0
Oman,OMN,2016,0
Oman,OMN,2017,0
Oman,OMN,2018,0
Oman,OMN,2019,0
Pakistan,PAK,1966,0
Pakistan,PAK,1967,1.129
Pakistan,PAK,1968,1.461
Pakistan,PAK,1969,0.479
Pakistan,PAK,1970,-1.056
Pakistan,PAK,1971,2.48
Pakistan,PAK,1972,0.552
Pakistan,PAK,1973,0.614
Pakistan,PAK,1974,0.061
Pakistan,PAK,1975,1.78
Pakistan,PAK,1976,1.166
Pakistan,PAK,1977,2.774
Pakistan,PAK,1978,4.235
Pakistan,PAK,1979,1.768
Pakistan,PAK,1980,1.142
Pakistan,PAK,1981,1.093
Pakistan,PAK,1982,3.229
Pakistan,PAK,1983,4.591
Pakistan,PAK,1984,1.228
Pakistan,PAK,1985,1.35
Pakistan,PAK,1986,-1.584
Pakistan,PAK,1987,10.889
Pakistan,PAK,1988,2.197
Pakistan,PAK,1989,0.773
Pakistan,PAK,1990,-0.994
Pakistan,PAK,1991,3.327
Pakistan,PAK,1992,4.616
Pakistan,PAK,1993,5.524
Pakistan,PAK,1994,-1.129
Pakistan,PAK,1995,3.388
Pakistan,PAK,1996,5.696
Pakistan,PAK,1997,-17.641
Pakistan,PAK,1998,15.726
Pakistan,PAK,1999,-7.231
Pakistan,PAK,2000,-10.963
Pakistan,PAK,2001,1.708
Pakistan,PAK,2002,5.503
Pakistan,PAK,2003,11.029
Pakistan,PAK,2004,3.954
Pakistan,PAK,2005,11.611
Pakistan,PAK,2006,-1.719
Pakistan,PAK,2007,3.287
Pakistan,PAK,2008,-11.978
Pakistan,PAK,2009,3.245
Pakistan,PAK,2010,2.312
Pakistan,PAK,2011,1.559
Pakistan,PAK,2012,-51.604
Pakistan,PAK,2013,99.452
Pakistan,PAK,2014,-45.004
Pakistan,PAK,2015,0.772
Pakistan,PAK,2016,4.145
Pakistan,PAK,2017,-10.476
Pakistan,PAK,2018,-4.208
Pakistan,PAK,2019,15.804
Peru,PER,1966,0.561
Peru,PER,1967,0.947
Peru,PER,1968,0.644
Peru,PER,1969,0.836
Peru,PER,1970,-0.458
Peru,PER,1971,2.083
Peru,PER,1972,0.414
Peru,PER,1973,0.928
Peru,PER,1974,1.242
Peru,PER,1975,0.697
Peru,PER,1976,0.906
Peru,PER,1977,0.644
Peru,PER,1978,0.464
Peru,PER,1979,1.419
Peru,PER,1980,0.853
Peru,PER,1981,2.739
Peru,PER,1982,1.111
Peru,PER,1983,-0.803
Peru,PER,1984,1.656
Peru,PER,1985,1.886
Peru,PER,1986,1.883
Peru,PER,1987,2.272
Peru,PER,1988,-1.264
Peru,PER,1989,0.233
Peru,PER,1990,-0.106
Peru,PER,1991,2.842
Peru,PER,1992,-5.008
Peru,PER,1993,5.861
Peru,PER,1994,2.633
Peru,PER,1995,0.529
Peru,PER,1996,1.072
Peru,PER,1997,-0.303
Peru,PER,1998,1.649
Peru,PER,1999,2.034
Peru,PER,2000,4.543
Peru,PER,2001,3.679
Peru,PER,2002,0.853
Peru,PER,2003,1.028
Peru,PER,2004,-3.051
Peru,PER,2005,0.915
Peru,PER,2006,4.019
Peru,PER,2007,-0.448
Peru,PER,2008,-1.614
Peru,PER,2009,1.904
Peru,PER,2010,0.066
Peru,PER,2011,3.582
Peru,PER,2012,0.884
Peru,PER,2013,0.395
Peru,PER,2014,-0.619
Peru,PER,2015,3.398
Peru,PER,2016,-0.005
Peru,PER,2017,12.768
Peru,PER,2018,3.708
Peru,PER,2019,1.82
Philippines,PHL,1966,-0.083
Philippines,PHL,1967,0.444
Philippines,PHL,1968,0.111
Philippines,PHL,1969,0.264
Philippines,PHL,1970,0.783
Philippines,PHL,1971,-0.456
Philippines,PHL,1972,0.761
Philippines,PHL,1973,0.464
Philippines,PHL,1974,-0.897
Philippines,PHL,1975,0.614
Philippines,PHL,1976,1.453
Philippines,PHL,1977,-1.892
Philippines,PHL,1978,1.936
Philippines,PHL,1979,0.194
Philippines,PHL,1980,1.781
Philippines,PHL,1981,0.564
Philippines,PHL,1982,0.133
Philippines,PHL,1983,0.542
Philippines,PHL,1984,3.639
Philippines,PHL,1985,0.764
Philippines,PHL,1986,1.289
Philippines,PHL,1987,-2.139
Philippines,PHL,1988,2.825
Philippines,PHL,1989,0.614
Philippines,PHL,1990,-1.175
Philippines,PHL,1991,-2.547
Philippines,PHL,1992,-1.958
Philippines,PHL,1993,1.639
Philippines,PHL,1994,2.311
Philippines,PHL,1995,1.028
Philippines,PHL,1996,2.217
Philippines,PHL,1997,-2.669
Philippines,PHL,1998,-2.786
Philippines,PHL,1999,7.706
Philippines,PHL,2000,-0.114
Philippines,PHL,2001,-2.059
Philippines,PHL,2002,-0.321
Philippines,PHL,2003,2.156
Philippines,PHL,2004,1.82
Philippines,PHL,2005,-0.701
Philippines,PHL,2006,4.008
Philippines,PHL,2007,-3.821
Philippines,PHL,2008,3.235
Philippines,PHL,2009,-0.305
Philippines,PHL,2010,-5.331
Philippines,PHL,2011,4.785
Philippines,PHL,2012,1.276
Philippines,PHL,2013,-0.755
Philippines,PHL,2014,-2.398
Philippines,PHL,2015,-1.333
Philippines,PHL,2016,-1.523
Philippines,PHL,2017,3.616
Philippines,PHL,2018,-0.691
Philippines,PHL,2019,0.593
Poland,POL,1966,0
Poland,POL,1967,0.169
Poland,POL,1968,0.133
Poland,POL,1969,-0.542
Poland,POL,1970,2.669
Poland,POL,1971,-0.561
Poland,POL,1972,-0.183
Poland,POL,1973,-0.131
Poland,POL,1974,1.85
Poland,POL,1975,-0.367
Poland,POL,1976,-0.958
Poland,POL,1977,0.867
Poland,POL,1978,-0.017
Poland,POL,1979,-0.4
Poland,POL,1980,1.506
Poland,POL,1981,-0.589
Poland,POL,1982,-1.65
Poland,POL,1983,0.367
Poland,POL,1984,-0.742
Poland,POL,1985,1.233
Poland,POL,1986,-0.842
Poland,POL,1987,0.311
Poland,POL,1988,0.367
Poland,POL,1989,-0.511
Poland,POL,1990,-0.533
Poland,POL,1991,0.022
Poland,POL,1992,0.228
Poland,POL,1993,-0.053
Poland,POL,1994,0.681
Poland,POL,1995,0.428
Poland,POL,1996,0.122
Poland,POL,1997,0.083
Poland,POL,1998,0.967
Poland,POL,1999,-0.428
Poland,POL,2000,-0.136
Poland,POL,2001,0.566
Poland,POL,2002,-0.168
Poland,POL,2003,-1.696
Poland,POL,2004,1.084
Poland,POL,2005,0.284
Poland,POL,2006,-0.462
Poland,POL,2007,0.789
Poland,POL,2008,-0.564
Poland,POL,2009,0.547
Poland,POL,2010,1.383
Poland,POL,2011,-1.57
Poland,POL,2012,-0.796
Poland,POL,2013,0.998
Poland,POL,2014,-0.689
Poland,POL,2015,-0.921
Poland,POL,2016,0.745
Poland,POL,2017,1.021
Poland,POL,2018,-1.504
Poland,POL,2019,-0.058
Portugal,PRT,1966,3.614
Portugal,PRT,1967,0.569
Portugal,PRT,1968,-0.814
Portugal,PRT,1969,3.119
Portugal,PRT,1970,-1.408
Portugal,PRT,1971,1.017
Portugal,PRT,1972,2.544
Portugal,PRT,1973,0.664
Portugal,PRT,1974,1.397
Portugal,PRT,1975,-3.939
Portugal,PRT,1976,-4.508
Portugal,PRT,1977,14.386
Portugal,PRT,1978,2.347
Portugal,PRT,1979,1.117
Portugal,PRT,1980,-8.883
Portugal,PRT,1981,-8.322
Portugal,PRT,1982,5.283
Portugal,PRT,1983,3.069
Portugal,PRT,1984,4.831
Portugal,PRT,1985,2.578
Portugal,PRT,1986,-6.053
Portugal,PRT,1987,1.775
Portugal,PRT,1988,8.556
Portugal,PRT,1989,-17.817
Portugal,PRT,1990,9.272
Portugal,PRT,1991,-0.317
Portugal,PRT,1992,-12.214
Portugal,PRT,1993,10.811
Portugal,PRT,1994,5.889
Portugal,PRT,1995,-6.431
Portugal,PRT,1996,17.828
Portugal,PRT,1997,-4.6
Portugal,PRT,1998,-0.339
Portugal,PRT,1999,-15.825
Portugal,PRT,2000,11.214
Portugal,PRT,2001,7.277
Portugal,PRT,2002,-17.343
Portugal,PRT,2003,21.448
Portugal,PRT,2004,-16.12
Portugal,PRT,2005,-13.99
Portugal,PRT,2006,16.46
Portugal,PRT,2007,-2.552
Portugal,PRT,2008,-8.687
Portugal,PRT,2009,3.788
Portugal,PRT,2010,20.368
Portugal,PRT,2011,-12.209
Portugal,PRT,2012,-15.414
Portugal,PRT,2013,20.671
Portugal,PRT,2014,4.47
Portugal,PRT,2015,-17.713
Portugal,PRT,2016,17.631
Portugal,PRT,2017,-24.798
Portugal,PRT,2018,16.059
Portugal,PRT,2019,-9.159
Qatar,QAT,1966,0
Qatar,QAT,1967,0
Qatar,QAT,1968,0
Qatar,QAT,1969,0
Qatar,QAT,1970,0
Qatar,QAT,1971,0
Qatar,QAT,1972,0
Qatar,QAT,1973,0
Qatar,QAT,1974,0
Qatar,QAT,1975,0
Qatar,QAT,1976,0
Qatar,QAT,1977,0
Qatar,QAT,1978,0
Qatar,QAT,1979,0
Qatar,QAT,1980,0
Qatar,QAT,1981,0
Qatar,QAT,1982,0
Qatar,QAT,1983,0
Qatar,QAT,1984,0
Qatar,QAT,1985,0
Qatar,QAT,1986,0
Qatar,QAT,1987,0
Qatar,QAT,1988,0
Qatar,QAT,1989,0
Qatar,QAT,1990,0
Qatar,QAT,1991,0
Qatar,QAT,1992,0
Qatar,QAT,1993,0
Qatar,QAT,1994,0
Qatar,QAT,1995,0
Qatar,QAT,1996,0
Qatar,QAT,1997,0
Qatar,QAT,1998,0
Qatar,QAT,1999,0
Qatar,QAT,2000,0
Qatar,QAT,2001,0
Qatar,QAT,2002,0
Qatar,QAT,2003,0
Qatar,QAT,2004,0
Qatar,QAT,2005,0
Qatar,QAT,2006,0
Qatar,QAT,2007,0
Qatar,QAT,2008,0
Qatar,QAT,2009,0
Qatar,QAT,2010,0
Qatar,QAT,2011,0
Qatar,QAT,2012,0
Qatar,QAT,2013,0
Qatar,QAT,2014,0
Qatar,QAT,2015,0
Qatar,QAT,2016,0
Qatar,QAT,2017,0
Qatar,QAT,2018,0
Qatar,QAT,2019,0
Romania,ROU,1966,0.083
Romania,ROU,1967,1.225
Romania,ROU,1968,0.239
Romania,ROU,1969,1.819
Romania,ROU,1970,1.544
Romania,ROU,1971,4.783
Romania,ROU,1972,7.911
Romania,ROU,1973,0.567
Romania,ROU,1974,2.581
Romania,ROU,1975,2.458
Romania,ROU,1976,-3.483
Romania,ROU,1977,3.439
Romania,ROU,1978,3.525
Romania,ROU,1979,2.014
Romania,ROU,1980,3.606
Romania,ROU,1981,0.278
Romania,ROU,1982,-2.453
Romania,ROU,1983,-5.044
Romania,ROU,1984,3.578
Romania,ROU,1985,3.853
Romania,ROU,1986,-5.286
Romania,ROU,1987,1.108
Romania,ROU,1988,9.908
Romania,ROU,1989,-3.05
Romania,ROU,1990,-6.297
Romania,ROU,1991,8.825
Romania,ROU,1992,-8.022
Romania,ROU,1993,2.967
Romania,ROU,1994,0.772
Romania,ROU,1995,10.131
Romania,ROU,1996,-2.606
Romania,ROU,1997,4.872
Romania,ROU,1998,3.806
Romania,ROU,1999,-1.636
Romania,ROU,2000,-9.756
Romania,ROU,2001,0.134
Romania,ROU,2002,2.813
Romania,ROU,2003,-7.875
Romania,ROU,2004,8.579
Romania,ROU,2005,9.653
Romania,ROU,2006,-5.289
Romania,ROU,2007,-6.655
Romania,ROU,2008,2.981
Romania,ROU,2009,-4.638
Romania,ROU,2010,11.089
Romania,ROU,2011,-13.675
Romania,ROU,2012,-7.088
Romania,ROU,2013,6.796
Romania,ROU,2014,9.266
Romania,ROU,2015,-5.063
Romania,ROU,2016,3.259
Romania,ROU,2017,-9.102
Romania,ROU,2018,7.667
Romania,ROU,2019,-5.687
Russia,RUS,1986,12.792
Russia,RUS,1987,-5.009
Russia,RUS,1988,-4.456
Russia,RUS,1989,-3.327
Russia,RUS,1990,19.777
Russia,RUS,1991,3.468
Russia,RUS,1992,12.5
Russia,RUS,1993,4.708
Russia,RUS,1994,4.547
Russia,RUS,1995,0.914
Russia,RUS,1996,-60.962
Russia,RUS,1997,8.681
Russia,RUS,1998,2.953
Russia,RUS,1999,5.542
Russia,RUS,2000,9.956
Russia,RUS,2001,24.149
Russia,RUS,2002,-35.245
Russia,RUS,2003,-20.57
Russia,RUS,2004,51.458
Russia,RUS,2005,-11.257
Russia,RUS,2006,-1.119
Russia,RUS,2007,7.093
Russia,RUS,2008,-35.298
Russia,RUS,2009,22.025
Russia,RUS,2010,-22.92
Russia,RUS,2011,-11.532
Russia,RUS,2012,-1.533
Russia,RUS,2013,42.772
Russia,RUS,2014,-22.517
Russia,RUS,2015,-16.29
Russia,RUS,2016,39.277
Russia,RUS,2017,-1.353
Russia,RUS,2018,10.899
Russia,RUS,2019,7.511
Saudi Arabia,SAU,1966,0
Saudi Arabia,SAU,1967,0
Saudi Arabia,SAU,1968,0
Saudi Arabia,SAU,1969,0
Saudi Arabia,SAU,1970,0
Saudi Arabia,SAU,1971,0
Saudi Arabia,SAU,1972,0
Saudi Arabia,SAU,1973,0
Saudi Arabia,SAU,1974,0
Saudi Arabia,SAU,1975,0
Saudi Arabia,SAU,1976,0
Saudi Arabia,SAU,1977,0
Saudi Arabia,SAU,1978,0
Saudi Arabia,SAU,1979,0
Saudi Arabia,SAU,1980,0
Saudi Arabia,SAU,1981,0
Saudi Arabia,SAU,1982,0
Saudi Arabia,SAU,1983,0
Saudi Arabia,SAU,1984,0
Saudi Arabia,SAU,1985,0
Saudi Arabia,SAU,1986,0
Saudi Arabia,SAU,1987,0
Saudi Arabia,SAU,1988,0
Saudi Arabia,SAU,1989,0
Saudi Arabia,SAU,1990,0
Saudi Arabia,SAU,1991,0
Saudi Arabia,SAU,1992,0
Saudi Arabia,SAU,1993,0
Saudi Arabia,SAU,1994,0
Saudi Arabia,SAU,1995,0
Saudi Arabia,SAU,1996,0
Saudi Arabia,SAU,1997,0
Saudi Arabia,SAU,1998,0
Saudi Arabia,SAU,1999,0
Saudi Arabia,SAU,2000,0
Saudi Arabia,SAU,2001,0
Saudi Arabia,SAU,2002,0
Saudi Arabia,SAU,2003,0
Saudi Arabia,SAU,2004,0
Saudi Arabia,SAU,2005,0
Saudi Arabia,SAU,2006,0
Saudi Arabia,SAU,2007,0
Saudi Arabia,SAU,2008,0
Saudi Arabia,SAU,2009,0
Saudi Arabia,SAU,2010,0
Saudi Arabia,SAU,2011,0
Saudi Arabia,SAU,2012,0
Saudi Arabia,SAU,2013,0
Saudi Arabia,SAU,2014,0
Saudi Arabia,SAU,2015,0
Saudi Arabia,SAU,2016,0
Saudi Arabia,SAU,2017,0
Saudi Arabia,SAU,2018,0
Saudi Arabia,SAU,2019,0
Singapore,SGP,1966,0
Singapore,SGP,1967,0
Singapore,SGP,1968,0
Singapore,SGP,1969,0
Singapore,SGP,1970,0
Singapore,SGP,1971,0
Singapore,SGP,1972,0
Singapore,SGP,1973,0
Singapore,SGP,1974,0
Singapore,SGP,1975,0
Singapore,SGP,1976,0
Singapore,SGP,1977,0
Singapore,SGP,1978,0
Singapore,SGP,1979,0
Singapore,SGP,1980,0
Singapore,SGP,1981,0
Singapore,SGP,1982,0
Singapore,SGP,1983,0
Singapore,SGP,1984,0
Singapore,SGP,1985,0
Singapore,SGP,1986,0
Singapore,SGP,1987,0
Singapore,SGP,1988,0
Singapore,SGP,1989,0
Singapore,SGP,1990,0
Singapore,SGP,1991,0
Singapore,SGP,1992,0
Singapore,SGP,1993,0
Singapore,SGP,1994,0
Singapore,SGP,1995,0
Singapore,SGP,1996,0
Singapore,SGP,1997,0
Singapore,SGP,1998,0
Singapore,SGP,1999,0
Singapore,SGP,2000,0
Singapore,SGP,2001,0
Singapore,SGP,2002,0
Singapore,SGP,2003,0
Singapore,SGP,2004,0
Singapore,SGP,2005,0
Singapore,SGP,2006,0
Singapore,SGP,2007,0
Singapore,SGP,2008,0
Singapore,SGP,2009,0
Singapore,SGP,2010,0
Singapore,SGP,2011,0
Singapore,SGP,2012,0
Singapore,SGP,2013,0
Singapore,SGP,2014,0
Singapore,SGP,2015,0
Singapore,SGP,2016,0
Singapore,SGP,2017,0
Singapore,SGP,2018,0
Singapore,SGP,2019,0
Slovakia,SVK,1966,-0.258
Slovakia,SVK,1967,-0.847
Slovakia,SVK,1968,-0.417
Slovakia,SVK,1969,-1.031
Slovakia,SVK,1970,1.841
Slovakia,SVK,1971,-1.363
Slovakia,SVK,1972,0.194
Slovakia,SVK,1973,-0.622
Slovakia,SVK,1974,2.503
Slovakia,SVK,1975,-0.614
Slovakia,SVK,1976,0.047
Slovakia,SVK,1977,1.081
Slovakia,SVK,1978,-0.414
Slovakia,SVK,1979,-1.042
Slovakia,SVK,1980,1.036
Slovakia,SVK,1981,-0.808
Slovakia,SVK,1982,-0.667
Slovakia,SVK,1983,0.294
Slovakia,SVK,1984,-0.769
Slovakia,SVK,1985,1.561
Slovakia,SVK,1986,-1.228
Slovakia,SVK,1987,0.714
Slovakia,SVK,1988,-0.492
Slovakia,SVK,1989,0.575
Slovakia,SVK,1990,-0.228
Slovakia,SVK,1991,-1.311
Slovakia,SVK,1992,1.469
Slovakia,SVK,1993,4.25
Slovakia,SVK,1994,2.467
Slovakia,SVK,1995,1.458
Slovakia,SVK,1996,-1.814
Slovakia,SVK,1997,-0.453
Slovakia,SVK,1998,0.564
Slovakia,SVK,1999,0.575
Slovakia,SVK,2000,0.392
Slovakia,SVK,2001,0.778
Slovakia,SVK,2002,0.847
Slovakia,SVK,2003,-5.487
Slovakia,SVK,2004,1.851
Slovakia,SVK,2005,1.349
Slovakia,SVK,2006,-0.718
Slovakia,SVK,2007,0.037
Slovakia,SVK,2008,-0.702
Slovakia,SVK,2009,0.836
Slovakia,SVK,2010,1.684
Slovakia,SVK,2011,-3.867
Slovakia,SVK,2012,0.896
Slovakia,SVK,2013,1.822
Slovakia,SVK,2014,-1.154
Slovakia,SVK,2015,-0.703
Slovakia,SVK,2016,0.427
Slovakia,SVK,2017,0.094
Slovakia,SVK,2018,-1.887
Slovakia,SVK,2019,1.594
Slovenia,SVN,1991,1.761
Slovenia,SVN,1992,-0.514
Slovenia,SVN,1993,-1.078
Slovenia,SVN,1994,1.011
Slovenia,SVN,1995,-0.408
Slovenia,SVN,1996,1.156
Slovenia,SVN,1997,-1.603
Slovenia,SVN,1998,0.997
Slovenia,SVN,1999,0.803
Slovenia,SVN,2000,0.264
Slovenia,SVN,2001,-0.174
Slovenia,SVN,2002,-1.392
Slovenia,SVN,2003,-1.028
Slovenia,SVN,2004,3.029
Slovenia,SVN,2005,-1.776
Slovenia,SVN,2006,0.289
Slovenia,SVN,2007,-0.923
Slovenia,SVN,2008,1.931
Slovenia,SVN,2009,1.763
Slovenia,SVN,2010,-0.59
Slovenia,SVN,2011,-2.549
Slovenia,SVN,2012,0.812
Slovenia,SVN,2013,1.808
Slovenia,SVN,2014,3.652
Slovenia,SVN,2015,-5.87
Slovenia,SVN,2016,1.691
Slovenia,SVN,2017,-1.653
Slovenia,SVN,2018,2.021
Slovenia,SVN,2019,-0.811
South Africa,ZAF,1966,-0.003
South Africa,ZAF,1967,-0.028
South Africa,ZAF,1968,-0.006
South Africa,ZAF,1969,-0.008
South Africa,ZAF,1970,0.011
South Africa,ZAF,1971,0.242
South Africa,ZAF,1972,2.006
South Africa,ZAF,1973,0.419
South Africa,ZAF,1974,0.408
South Africa,ZAF,1975,-0.033
South Africa,ZAF,1976,2.1
South Africa,ZAF,1977,0.189
South Africa,ZAF,1978,-0.103
South Africa,ZAF,1979,-2.119
South Africa,ZAF,1980,-0.422
South Africa,ZAF,1981,1.836
South Africa,ZAF,1982,-1.769
South Africa,ZAF,1983,-1.169
South Africa,ZAF,1984,-0.097
South Africa,ZAF,1985,0.178
South Africa,ZAF,1986,2.775
South Africa,ZAF,1987,-0.017
South Africa,ZAF,1988,4.292
South Africa,ZAF,1989,-1.119
South Africa,ZAF,1990,-4.858
South Africa,ZAF,1991,2.694
South Africa,ZAF,1992,-3.411
South Africa,ZAF,1993,-1.683
South Africa,ZAF,1994,2.578
South Africa,ZAF,1995,-1.514
South Africa,ZAF,1996,2.194
South Africa,ZAF,1997,2.147
South Africa,ZAF,1998,-1.381
South Africa,ZAF,1999,-2.414
South Africa,ZAF,2000,1.042
South Africa,ZAF,2001,1.691
South Africa,ZAF,2002,0.965
South Africa,ZAF,2003,-3.46
South Africa,ZAF,2004,0.317
South Africa,ZAF,2005,1.011
South Africa,ZAF,2006,4.162
South Africa,ZAF,2007,-0.133
South Africa,ZAF,2008,-4.287
South Africa,ZAF,2009,0.483
South Africa,ZAF,2010,-0.828
South Africa,ZAF,2011,4.96
South Africa,ZAF,2012,-5.316
South Africa,ZAF,2013,0.203
South Africa,ZAF,2014,1.742
South Africa,ZAF,2015,-2.542
South Africa,ZAF,2016,-0.266
South Africa,ZAF,2017,0.417
South Africa,ZAF,2018,-0.289
South Africa,ZAF,2019,-0.007
South Korea,KOR,1966,0.764
South Korea,KOR,1967,-0.089
South Korea,KOR,1968,-0.066
South Korea,KOR,1969,1.386
South Korea,KOR,1970,-0.577
South Korea,KOR,1971,0.276
South Korea,KOR,1972,0.134
South Korea,KOR,1973,-0.232
South Korea,KOR,1974,1.726
South Korea,KOR,1975,-0.62
South Korea,KOR,1976,0.294
South Korea,KOR,1977,-1.1
South Korea,KOR,1978,1.152
South Korea,KOR,1979,1.357
South Korea,KOR,1980,-1.044
South Korea,KOR,1981,1.881
South Korea,KOR,1982,-2.451
South Korea,KOR,1983,1.608
South Korea,KOR,1984,-0.822
South Korea,KOR,1985,3.297
South Korea,KOR,1986,-0.209
South Korea,KOR,1987,2.376
South Korea,KOR,1988,-5.495
South Korea,KOR,1989,2.713
South Korea,KOR,1990,4.778
South Korea,KOR,1991,-3.328
South Korea,KOR,1992,-1.079
South Korea,KOR,1993,3.139
South Korea,KOR,1994,-5.226
South Korea,KOR,1995,1.15
South Korea,KOR,1996,-0.932
South Korea,KOR,1997,1.082
South Korea,KOR,1998,4.071
South Korea,KOR,1999,-0.334
South Korea,KOR,2000,-0.416
South Korea,KOR,2001,-4.708
South Korea,KOR,2002,2.434
South Korea,KOR,2003,4.446
South Korea,KOR,2004,-1.64
South Korea,KOR,2005,-1.789
South Korea,KOR,2006,-0.612
South Korea,KOR,2007,0.378
South Korea,KOR,2008,-1.542
South Korea,KOR,2009,-0.724
South Korea,KOR,2010,2.22
South Korea,KOR,2011,2.314
South Korea,KOR,2012,-1.581
South Korea,KOR,2013,0.648
South Korea,KOR,2014,-3.979
South Korea,KOR,2015,-1.574
South Korea,KOR,2016,1.73
South Korea,KOR,2017,-0.136
South Korea,KOR,2018,1.327
South Korea,KOR,2019,-1.476
Spain,ESP,1966,21.031
Spain,ESP,1967,-12.781
Spain,ESP,1968,4.808
Spain,ESP,1969,17.264
Spain,ESP,1970,-7.864
Spain,ESP,1971,11.233
Spain,ESP,1972,10.147
Spain,ESP,1973,-18.214
Spain,ESP,1974,4.6
Spain,ESP,1975,-12.508
Spain,ESP,1976,-14.258
Spain,ESP,1977,51.933
Spain,ESP,1978,1.731
Spain,ESP,1979,17.072
Spain,ESP,1980,-46.797
Spain,ESP,1981,-21.133
Spain,ESP,1982,12.192
Spain,ESP,1983,1.989
Spain,ESP,1984,12.325
Spain,ESP,1985,-0.547
Spain,ESP,1986,-13.314
Spain,ESP,1987,2.469
Spain,ESP,1988,21.842
Spain,ESP,1989,-44.158
Spain,ESP,1990,16.847
Spain,ESP,1991,5.189
Spain,ESP,1992,-23.228
Spain,ESP,1993,15.158
Spain,ESP,1994,10.564
Spain,ESP,1995,-14.078
Spain,ESP,1996,46.361
Spain,ESP,1997,-13.956
Spain,ESP,1998,-2.147
Spain,ESP,1999,-30.95
Spain,ESP,2000,18.631
Spain,ESP,2001,31.085
Spain,ESP,2002,-50.379
Spain,ESP,2003,49.001
Spain,ESP,2004,-26.099
Spain,ESP,2005,-37.674
Spain,ESP,2006,21.129
Spain,ESP,2007,3.135
Spain,ESP,2008,-10.219
Spain,ESP,2009,7.016
Spain,ESP,2010,40.468
Spain,ESP,2011,-30.314
Spain,ESP,2012,-26.369
Spain,ESP,2013,41.246
Spain,ESP,2014,5.516
Spain,ESP,2015,-28.494
Spain,ESP,2016,20.314
Spain,ESP,2017,-45.338
Spain,ESP,2018,40.312
Spain,ESP,2019,-23.986
Sri Lanka,LKA,1966,0.094
Sri Lanka,LKA,1967,0.031
Sri Lanka,LKA,1968,0.178
Sri Lanka,LKA,1969,0.208
Sri Lanka,LKA,1970,0.531
Sri Lanka,LKA,1971,0.237
Sri Lanka,LKA,1972,0.06
Sri Lanka,LKA,1973,-0.421
Sri Lanka,LKA,1974,0.839
Sri Lanka,LKA,1975,0.219
Sri Lanka,LKA,1976,0.091
Sri Lanka,LKA,1977,0.29
Sri Lanka,LKA,1978,0.423
Sri Lanka,LKA,1979,0.265
Sri Lanka,LKA,1980,0.051
Sri Lanka,LKA,1981,0.254
Sri Lanka,LKA,1982,0.1
Sri Lanka,LKA,1983,-1.084
Sri Lanka,LKA,1984,2.431
Sri Lanka,LKA,1985,0.843
Sri Lanka,LKA,1986,0.693
Sri Lanka,LKA,1987,-1.3
Sri Lanka,LKA,1988,1.166
Sri Lanka,LKA,1989,0.568
Sri Lanka,LKA,1990,0.954
Sri Lanka,LKA,1991,-0.078
Sri Lanka,LKA,1992,-0.602
Sri Lanka,LKA,1993,2.489
Sri Lanka,LKA,1994,0.814
Sri Lanka,LKA,1995,1.181
Sri Lanka,LKA,1996,-3.506
Sri Lanka,LKA,1997,0.543
Sri Lanka,LKA,1998,1.299
Sri Lanka,LKA,1999,0.729
Sri Lanka,LKA,2000,-2.704
Sri Lanka,LKA,2001,-0.296
Sri Lanka,LKA,2002,-1.2
Sri Lanka,LKA,2003,1.637
Sri Lanka,LKA,2004,-1.004
Sri Lanka,LKA,2005,1.268
Sri Lanka,LKA,2006,3.106
Sri Lanka,LKA,2007,-1.902
Sri Lanka,LKA,2008,0.417
Sri Lanka,LKA,2009,-0.718
Sri Lanka,LKA,2010,4.509
Sri Lanka,LKA,2011,-2.838
Sri Lanka,LKA,2012,-3.373
Sri Lanka,LKA,2013,9.235
Sri Lanka,LKA,2014,-6.129
Sri Lanka,LKA,2015,3.516
Sri Lanka,LKA,2016,-4.486
Sri Lanka,LKA,2017,-0.563
Sri Lanka,LKA,2018,5.889
Sri Lanka,LKA,2019,-4.015
Sweden,SWE,1966,-2.594
Sweden,SWE,1967,10.547
Sweden,SWE,1968,-1.519
Sweden,SWE,1969,-19.192
Sweden,SWE,1970,-0.947
Sweden,SWE,1971,29.231
Sweden,SWE,1972,4.808
Sweden,SWE,1973,17.025
Sweden,SWE,1974,-7.242
Sweden,SWE,1975,1.064
Sweden,SWE,1976,-7.822
Sweden,SWE,1977,-3.714
Sweden,SWE,1978,11.828
Sweden,SWE,1979,9.242
Sweden,SWE,1980,-6.144
Sweden,SWE,1981,2.458
Sweden,SWE,1982,-13.019
Sweden,SWE,1983,23.55
Sweden,SWE,1984,12.117
Sweden,SWE,1985,8.561
Sweden,SWE,1986,-27.931
Sweden,SWE,1987,30.336
Sweden,SWE,1988,-5.475
Sweden,SWE,1989,5.186
Sweden,SWE,1990,2.108
Sweden,SWE,1991,-25.722
Sweden,SWE,1992,30.875
Sweden,SWE,1993,0.786
Sweden,SWE,1994,-43.194
Sweden,SWE,1995,24.997
Sweden,SWE,1996,-45.433
Sweden,SWE,1997,48.1
Sweden,SWE,1998,15.797
Sweden,SWE,1999,-8.478
Sweden,SWE,2000,19.147
Sweden,SWE,2001,-0.101
Sweden,SWE,2002,-36.238
Sweden,SWE,2003,-36.087
Sweden,SWE,2004,18.15
Sweden,SWE,2005,31.52
Sweden,SWE,2006,-30.777
Sweden,SWE,2007,10.99
Sweden,SWE,2008,6.389
Sweden,SWE,2009,-10.524
Sweden,SWE,2010,1.513
Sweden,SWE,2011,0.67
Sweden,SWE,2012,29.534
Sweden,SWE,2013,-46.229
Sweden,SWE,2014,5.172
Sweden,SWE,2015,28.25
Sweden,SWE,2016,-34.559
Sweden,SWE,2017,6.448
Sweden,SWE,2018,-8.192
Sweden,SWE,2019,8.523
Switzerland,CHE,1966,9.504
Switzerland,CHE,1967,6.477
Switzerland,CHE,1968,-0.93
Switzerland,CHE,1969,-3.528
Switzerland,CHE,1970,2.576
Switzerland,CHE,1971,-0.358
Switzerland,CHE,1972,-13.36
Switzerland,CHE,1973,6.535
Switzerland,CHE,1974,3.511
Switzerland,CHE,1975,12.182
Switzerland,CHE,1976,-17.74
Switzerland,CHE,1977,25.112
Switzerland,CHE,1978,-9.248
Switzerland,CHE,1979,-5.212
Switzerland,CHE,1980,10.454
Switzerland,CHE,1981,4.659
Switzerland,CHE,1982,2.351
Switzerland,CHE,1983,-2.524
Switzerland,CHE,1984,-14.358
Switzerland,CHE,1985,5.995
Switzerland,CHE,1986,2.37
Switzerland,CHE,1987,4.915
Switzerland,CHE,1988,3.112
Switzerland,CHE,1989,-16.723
Switzerland,CHE,1990,0.064
Switzerland,CHE,1991,6.34
Switzerland,CHE,1992,1.732
Switzerland,CHE,1993,8.549
Switzerland,CHE,1994,9.143
Switzerland,CHE,1995,-10.836
Switzerland,CHE,1996,-17.843
Switzerland,CHE,1997,14.718
Switzerland,CHE,1998,-1.586
Switzerland,CHE,1999,18.147
Switzerland,CHE,2000,-8.808
Switzerland,CHE,2001,11.714
Switzerland,CHE,2002,-17.602
Switzerland,CHE,2003,-1.721
Switzerland,CHE,2004,-3.352
Switzerland,CHE,2005,-7.362
Switzerland,CHE,2006,-1.245
Switzerland,CHE,2007,10.882
Switzerland,CHE,2008,1.493
Switzerland,CHE,2009,-1.406
Switzerland,CHE,2010,0.304
Switzerland,CHE,2011,-10.086
Switzerland,CHE,2012,15.489
Switzerland,CHE,2013,-0.956
Switzerland,CHE,2014,-1.67
Switzerland,CHE,2015,-0.015
Switzerland,CHE,2016,-9.711
Switzerland,CHE,2017,-1.844
Switzerland,CHE,2018,0.779
Switzerland,CHE,2019,-0.084
Taiwan,TWN,1966,0.208
Taiwan,TWN,1967,-0.075
Taiwan,TWN,1968,3.417
Taiwan,TWN,1969,-2.256
Taiwan,TWN,1970,-0.519
Taiwan,TWN,1971,0.628
Taiwan,TWN,1972,1.514
Taiwan,TWN,1973,-0.658
Taiwan,TWN,1974,3.628
Taiwan,TWN,1975,1.544
Taiwan,TWN,1976,-2.719
Taiwan,TWN,1977,-0.719
Taiwan,TWN,1978,2.619
Taiwan,TWN,1979,-1.108
Taiwan,TWN,1980,-4.558
Taiwan,TWN,1981,5.181
Taiwan,TWN,1982,-0.027
Taiwan,TWN,1983,0.574
Taiwan,TWN,1984,-1.673
Taiwan,TWN,1985,4.488
Taiwan,TWN,1986,0.358
Taiwan,TWN,1987,-1.725
Taiwan,TWN,1988,-2.32
Taiwan,TWN,1989,0.527
Taiwan,TWN,1990,4.216
Taiwan,TWN,1991,-7.021
Taiwan,TWN,1992,7.507
Taiwan,TWN,1993,-6.798
Taiwan,TWN,1994,2.646
Taiwan,TWN,1995,-0.617
Taiwan,TWN,1996,-0.268
Taiwan,TWN,1997,1.396
Taiwan,TWN,1998,2.657
Taiwan,TWN,1999,-3.197
Taiwan,TWN,2000,-1.364
Taiwan,TWN,2001,1.381
Taiwan,TWN,2002,-6.428
Taiwan,TWN,2003,0.648
Taiwan,TWN,2004,0.422
Taiwan,TWN,2005,2.033
Taiwan,TWN,2006,0.206
Taiwan,TWN,2007,0.806
Taiwan,TWN,2008,-0.37
Taiwan,TWN,2009,-1.531
Taiwan,TWN,2010,1.102
Taiwan,TWN,2011,-0.57
Taiwan,TWN,2012,4.238
Taiwan,TWN,2013,-0.72
Taiwan,TWN,2014,-2.895
Taiwan,TWN,2015,0.32
Taiwan,TWN,2016,5.194
Taiwan,TWN,2017,-2.885
Taiwan,TWN,2018,-2.511
Taiwan,TWN,2019,2.623
Thailand,THA,1966,0.619
Thailand,THA,1967,0.844
Thailand,THA,1968,0.103
Thailand,THA,1969,-0.997
Thailand,THA,1970,2.058
Thailand,THA,1971,0.725
Thailand,THA,1972,-0.889
Thailand,THA,1973,0.422
Thailand,THA,1974,1.606
Thailand,THA,1975,2.614
Thailand,THA,1976,0.661
Thailand,THA,1977,-1.033
Thailand,THA,1978,-3.208
Thailand,THA,1979,3.203
Thailand,THA,1980,-5.528
Thailand,THA,1981,4.725
Thailand,THA,1982,2.394
Thailand,THA,1983,-0.489
Thailand,THA,1984,1.169
Thailand,THA,1985,-1.083
Thailand,THA,1986,5.113
Thailand,THA,1987,-4.099
Thailand,THA,1988,-0.939
Thailand,THA,1989,4.983
Thailand,THA,1990,-1.7
Thailand,THA,1991,-1.097
Thailand,THA,1992,-0.962
Thailand,THA,1993,-1.518
Thailand,THA,1994,2.198
Thailand,THA,1995,6.082
Thailand,THA,1996,1.728
Thailand,THA,1997,-0.369
Thailand,THA,1998,-5.537
Thailand,THA,1999,-4.664
Thailand,THA,2000,6.894
Thailand,THA,2001,0.674
Thailand,THA,2002,3.16
Thailand,THA,2003,-0.563
Thailand,THA,2004,-3.675
Thailand,THA,2005,-0.707
Thailand,THA,2006,5.995
Thailand,THA,2007,-0.103
Thailand,THA,2008,-2.799
Thailand,THA,2009,-0.074
Thailand,THA,2010,-4.333
Thailand,THA,2011,6.622
Thailand,THA,2012,1.154
Thailand,THA,2013,-7.861
Thailand,THA,2014,-0.715
Thailand,THA,2015,-3.627
Thailand,THA,2016,-0.604
Thailand,THA,2017,2.808
Thailand,THA,2018,7.164
Thailand,THA,2019,-3.257
Trinidad and Tobago,TTO,1966,0
Trinidad and Tobago,TTO,1967,0
Trinidad and Tobago,TTO,1968,0
Trinidad and Tobago,TTO,1969,0
Trinidad and Tobago,TTO,1970,0
Trinidad and Tobago,TTO,1971,0
Trinidad and Tobago,TTO,1972,0
Trinidad and Tobago,TTO,1973,0
Trinidad and Tobago,TTO,1974,0
Trinidad and Tobago,TTO,1975,0
Trinidad and Tobago,TTO,1976,0
Trinidad and Tobago,TTO,1977,0
Trinidad and Tobago,TTO,1978,0
Trinidad and Tobago,TTO,1979,0
Trinidad and Tobago,TTO,1980,0
Trinidad and Tobago,TTO,1981,0
Trinidad and Tobago,TTO,1982,0
Trinidad and Tobago,TTO,1983,0
Trinidad and Tobago,TTO,1984,0
Trinidad and Tobago,TTO,1985,0
Trinidad and Tobago,TTO,1986,0
Trinidad and Tobago,TTO,1987,0
Trinidad and Tobago,TTO,1988,0
Trinidad and Tobago,TTO,1989,0
Trinidad and Tobago,TTO,1990,0
Trinidad and Tobago,TTO,1991,0
Trinidad and Tobago,TTO,1992,0
Trinidad and Tobago,TTO,1993,0
Trinidad and Tobago,TTO,1994,0
Trinidad and Tobago,TTO,1995,0
Trinidad and Tobago,TTO,1996,0
Trinidad and Tobago,TTO,1997,0
Trinidad and Tobago,TTO,1998,0
Trinidad and Tobago,TTO,1999,0
Trinidad and Tobago,TTO,2000,0
Trinidad and Tobago,TTO,2001,0
Trinidad and Tobago,TTO,2002,0
Trinidad and Tobago,TTO,2003,0
Trinidad and Tobago,TTO,2004,0
Trinidad and Tobago,TTO,2005,0
Trinidad and Tobago,TTO,2006,0
Trinidad and Tobago,TTO,2007,0
Trinidad and Tobago,TTO,2008,0
Trinidad and Tobago,TTO,2009,0
Trinidad and Tobago,TTO,2010,0
Trinidad and Tobago,TTO,2011,0
Trinidad and Tobago,TTO,2012,0
Trinidad and Tobago,TTO,2013,0
Trinidad and Tobago,TTO,2014,0
Trinidad and Tobago,TTO,2015,0
Trinidad and Tobago,TTO,2016,0
Trinidad and Tobago,TTO,2017,0
Trinidad and Tobago,TTO,2018,0
Trinidad and Tobago,TTO,2019,0
Turkey,TUR,1966,0.442
Turkey,TUR,1967,0.121
Turkey,TUR,1968,2.203
Turkey,TUR,1969,0.75
Turkey,TUR,1970,-1.145
Turkey,TUR,1971,-1.174
Turkey,TUR,1972,1.65
Turkey,TUR,1973,-1.669
Turkey,TUR,1974,2.09
Turkey,TUR,1975,7.077
Turkey,TUR,1976,6.864
Turkey,TUR,1977,0.549
Turkey,TUR,1978,2.118
Turkey,TUR,1979,2.65
Turkey,TUR,1980,2.943
Turkey,TUR,1981,3.522
Turkey,TUR,1982,4.307
Turkey,TUR,1983,-7.844
Turkey,TUR,1984,5.788
Turkey,TUR,1985,-3.837
Turkey,TUR,1986,-0.479
Turkey,TUR,1987,18.737
Turkey,TUR,1988,28.699
Turkey,TUR,1989,-30.583
Turkey,TUR,1990,14.467
Turkey,TUR,1991,-1.29
Turkey,TUR,1992,10.791
Turkey,TUR,1993,20.508
Turkey,TUR,1994,-9.347
Turkey,TUR,1995,13.764
Turkey,TUR,1996,13.706
Turkey,TUR,1997,-1.831
Turkey,TUR,1998,6.703
Turkey,TUR,1999,-20.976
Turkey,TUR,2000,-10.553
Turkey,TUR,2001,-19.513
Turkey,TUR,2002,26.098
Turkey,TUR,2003,3.891
Turkey,TUR,2004,28.499
Turkey,TUR,2005,-18.336
Turkey,TUR,2006,11.85
Turkey,TUR,2007,-23.034
Turkey,TUR,2008,-7.405
Turkey,TUR,2009,6.511
Turkey,TUR,2010,40.714
Turkey,TUR,2011,0.584
Turkey,TUR,2012,13.413
Turkey,TUR,2013,3.085
Turkey,TUR,2014,-48.694
Turkey,TUR,2015,66.426
Turkey,TUR,2016,-0.791
Turkey,TUR,2017,-23.526
Turkey,TUR,2018,3.424
Turkey,TUR,2019,71.808
Turkmenistan,TKM,1986,0
Turkmenistan,TKM,1987,0
Turkmenistan,TKM,1988,0
Turkmenistan,TKM,1989,0
Turkmenistan,TKM,1990,0
Turkmenistan,TKM,1991,0
Turkmenistan,TKM,1992,0.003
Turkmenistan,TKM,1993,0.002
Turkmenistan,TKM,1994,-0.003
Turkmenistan,TKM,1995,0
Turkmenistan,TKM,1996,0.003
Turkmenistan,TKM,1997,0
Turkmenistan,TKM,1998,0.003
Turkmenistan,TKM,1999,-0.003
Turkmenistan,TKM,2000,-0.005
Turkmenistan,TKM,2001,0
Turkmenistan,TKM,2002,0
Turkmenistan,TKM,2003,0
Turkmenistan,TKM,2004,0
Turkmenistan,TKM,2005,0
Turkmenistan,TKM,2006,0
Turkmenistan,TKM,2007,0
Turkmenistan,TKM,2008,0
Turkmenistan,TKM,2009,0
Turkmenistan,TKM,2010,0
Turkmenistan,TKM,2011,0
Turkmenistan,TKM,2012,0
Turkmenistan,TKM,2013,0
Turkmenistan,TKM,2014,0
Turkmenistan,TKM,2015,0
Turkmenistan,TKM,2016,0
Turkmenistan,TKM,2017,0
Turkmenistan,TKM,2018,0
Turkmenistan,TKM,2019,0
Ukraine,UKR,1986,-0.16
Ukraine,UKR,1987,-2.946
Ukraine,UKR,1988,6.494
Ukraine,UKR,1989,-5.009
Ukraine,UKR,1990,1.069
Ukraine,UKR,1991,3.322
Ukraine,UKR,1992,-10.631
Ukraine,UKR,1993,8.767
Ukraine,UKR,1994,2.997
Ukraine,UKR,1995,-6.014
Ukraine,UKR,1996,-3.669
Ukraine,UKR,1997,3.4
Ukraine,UKR,1998,16.342
Ukraine,UKR,1999,-3.931
Ukraine,UKR,2000,-8.472
Ukraine,UKR,2001,1.889
Ukraine,UKR,2002,-6.809
Ukraine,UKR,2003,-1.229
Ukraine,UKR,2004,6.648
Ukraine,UKR,2005,1.439
Ukraine,UKR,2006,1.189
Ukraine,UKR,2007,-7.501
Ukraine,UKR,2008,3.446
Ukraine,UKR,2009,0.925
Ukraine,UKR,2010,2.978
Ukraine,UKR,2011,-5.931
Ukraine,UKR,2012,-1.37
Ukraine,UKR,2013,8.353
Ukraine,UKR,2014,-13.767
Ukraine,UKR,2015,-7.925
Ukraine,UKR,2016,5.652
Ukraine,UKR,2017,3.066
Ukraine,UKR,2018,3.548
Ukraine,UKR,2019,-8.996
United Arab Emirates,ARE,1966,0
United Arab Emirates,ARE,1967,0
United Arab Emirates,ARE,1968,0
United Arab Emirates,ARE,1969,0
United Arab Emirates,ARE,1970,0
United Arab Emirates,ARE,1971,0
United Arab Emirates,ARE,1972,0
United Arab Emirates,ARE,1973,0
United Arab Emirates,ARE,1974,0
United Arab Emirates,ARE,1975,0
United Arab Emirates,ARE,1976,0
United Arab Emirates,ARE,1977,0
United Arab Emirates,ARE,1978,0
United Arab Emirates,ARE,1979,0
United Arab Emirates,ARE,1980,0
United Arab Emirates,ARE,1981,0
United Arab Emirates,ARE,1982,0
United Arab Emirates,ARE,1983,0
United Arab Emirates,ARE,1984,0
United Arab Emirates,ARE,1985,0
United Arab Emirates,ARE,1986,0
United Arab Emirates,ARE,1987,0
United Arab Emirates,ARE,1988,0
United Arab Emirates,ARE,1989,0
United Arab Emirates,ARE,1990,0
United Arab Emirates,ARE,1991,0
United Arab Emirates,ARE,1992,0
United Arab Emirates,ARE,1993,0
United Arab Emirates,ARE,1994,0
United Arab Emirates,ARE,1995,0
United Arab Emirates,ARE,1996,0
United Arab Emirates,ARE,1997,0
United Arab Emirates,ARE,1998,0
United Arab Emirates,ARE,1999,0
United Arab Emirates,ARE,2000,0
United Arab Emirates,ARE,2001,0
United Arab Emirates,ARE,2002,0
United Arab Emirates,ARE,2003,0
United Arab Emirates,ARE,2004,0
United Arab Emirates,ARE,2005,0
United Arab Emirates,ARE,2006,0
United Arab Emirates,ARE,2007,0
United Arab Emirates,ARE,2008,0
United Arab Emirates,ARE,2009,0
United Arab Emirates,ARE,2010,0
United Arab Emirates,ARE,2011,0
United Arab Emirates,ARE,2012,0
United Arab Emirates,ARE,2013,0
United Arab Emirates,ARE,2014,0
United Arab Emirates,ARE,2015,0
United Arab Emirates,ARE,2016,0
United Arab Emirates,ARE,2017,0
United Arab Emirates,ARE,2018,0
United Arab Emirates,ARE,2019,0
United Kingdom,GBR,1966,-0.211
United Kingdom,GBR,1967,0.969
United Kingdom,GBR,1968,-3.231
United Kingdom,GBR,1969,-1.294
United Kingdom,GBR,1970,3.556
United Kingdom,GBR,1971,-3.231
United Kingdom,GBR,1972,0
United Kingdom,GBR,1973,1.292
United Kingdom,GBR,1974,0.647
United Kingdom,GBR,1975,-0.647
United Kingdom,GBR,1976,1.939
United Kingdom,GBR,1977,-1.617
United Kingdom,GBR,1978,0.325
United Kingdom,GBR,1979,0.644
United Kingdom,GBR,1980,-0.969
United Kingdom,GBR,1981,1.292
United Kingdom,GBR,1982,0.325
United Kingdom,GBR,1983,0
United Kingdom,GBR,1984,0
United Kingdom,GBR,1985,-1.616
United Kingdom,GBR,1986,2.261
United Kingdom,GBR,1987,-1.615
United Kingdom,GBR,1988,1.938
United Kingdom,GBR,1989,-0.323
United Kingdom,GBR,1990,0.969
United Kingdom,GBR,1991,-1.615
United Kingdom,GBR,1992,2.261
United Kingdom,GBR,1993,-2.908
United Kingdom,GBR,1994,2.261
United Kingdom,GBR,1995,-1.292
United Kingdom,GBR,1996,-3.489
United Kingdom,GBR,1997,2.778
United Kingdom,GBR,1998,2.004
United Kingdom,GBR,1999,0.606
United Kingdom,GBR,2000,-0.694
United Kingdom,GBR,2001,-2.937
United Kingdom,GBR,2002,1.937
United Kingdom,GBR,2003,-4.334
United Kingdom,GBR,2004,4.321
United Kingdom,GBR,2005,0.128
United Kingdom,GBR,2006,-0.964
United Kingdom,GBR,2007,1.209
United Kingdom,GBR,2008,0.085
United Kingdom,GBR,2009,0.144
United Kingdom,GBR,2010,-4.351
United Kingdom,GBR,2011,5.386
United Kingdom,GBR,2012,-1.075
United Kingdom,GBR,2013,-1.638
United Kingdom,GBR,2014,2.947
United Kingdom,GBR,2015,0.947
United Kingdom,GBR,2016,-1.806
United Kingdom,GBR,2017,0.696
United Kingdom,GBR,2018,-1.239
United Kingdom,GBR,2019,1.173
United States,USA,1966,2.675
United States,USA,1967,75.789
United States,USA,1968,2.594
United States,USA,1969,77.427
United States,USA,1970,-7.045
United States,USA,1971,52.116
United States,USA,1972,17.95
United States,USA,1973,-1.398
United States,USA,1974,80.755
United States,USA,1975,-2.972
United States,USA,1976,-45.534
United States,USA,1977,-177.681
United States,USA,1978,167.976
United States,USA,1979,-1.092
United States,USA,1980,-10.926
United States,USA,1981,-43.034
United States,USA,1982,136.166
United States,USA,1983,64.301
United States,USA,1984,-30.807
United States,USA,1985,-112.236
United States,USA,1986,27.202
United States,USA,1987,-115.458
United States,USA,1988,-75.071
United States,USA,1989,128.721
United States,USA,1990,48.769
United States,USA,1991,-13.764
United States,USA,1992,-99.723
United States,USA,1993,77.292
United States,USA,1994,-55.305
United States,USA,1995,144.107
United States,USA,1996,100.916
United States,USA,1997,23.399
United States,USA,1998,-94.122
United States,USA,1999,-15.234
United States,USA,2000,-121.789
United States,USA,2001,-177.463
United States,USA,2002,127.671
United States,USA,2003,27.619
United States,USA,2004,-24.761
United States,USA,2005,5.92
United States,USA,2006,46.59
United States,USA,2007,-117.661
United States,USA,2008,17.134
United States,USA,2009,49.636
United States,USA,2010,-41.547
United States,USA,2011,148.341
United States,USA,2012,-113.315
United States,USA,2013,-23.403
United States,USA,2014,-31.57
United States,USA,2015,-27.395
United States,USA,2016,39.843
United States,USA,2017,78.706
United States,USA,2018,-22.463
United States,USA,2019,-48.107
Uzbekistan,UZB,1986,-2.259
Uzbekistan,UZB,1987,5.978
Uzbekistan,UZB,1988,1.093
Uzbekistan,UZB,1989,-4.616
Uzbekistan,UZB,1990,3.183
Uzbekistan,UZB,1991,-1.714
Uzbekistan,UZB,1992,0.694
Uzbekistan,UZB,1993,2.992
Uzbekistan,UZB,1994,-0.561
Uzbekistan,UZB,1995,-2.689
Uzbekistan,UZB,1996,0.936
Uzbekistan,UZB,1997,-2.078
Uzbekistan,UZB,1998,-0.053
Uzbekistan,UZB,1999,-0.183
Uzbekistan,UZB,2000,0.519
Uzbekistan,UZB,2001,0.275
Uzbekistan,UZB,2002,0.356
Uzbekistan,UZB,2003,2.531
Uzbekistan,UZB,2004,-1.915
Uzbekistan,UZB,2005,0.917
Uzbekistan,UZB,2006,-2.858
Uzbekistan,UZB,2007,1.516
Uzbekistan,UZB,2008,-5.574
Uzbekistan,UZB,2009,5.431
Uzbekistan,UZB,2010,4.351
Uzbekistan,UZB,2011,-6.533
Uzbekistan,UZB,2012,1.542
Uzbekistan,UZB,2013,-0.316
Uzbekistan,UZB,2014,-0.312
Uzbekistan,UZB,2015,-0.51
Uzbekistan,UZB,2016,3.196
Uzbekistan,UZB,2017,2.642
Uzbekistan,UZB,2018,-6.411
Uzbekistan,UZB,2019,1.438
Venezuela,VEN,1966,0.072
Venezuela,VEN,1967,0.669
Venezuela,VEN,1968,3.089
Venezuela,VEN,1969,1.228
Venezuela,VEN,1970,2.539
Venezuela,VEN,1971,3.572
Venezuela,VEN,1972,1.75
Venezuela,VEN,1973,0.569
Venezuela,VEN,1974,4.117
Venezuela,VEN,1975,3.4
Venezuela,VEN,1976,4.575
Venezuela,VEN,1977,4.403
Venezuela,VEN,1978,0.192
Venezuela,VEN,1979,5.578
Venezuela,VEN,1980,0.964
Venezuela,VEN,1981,1.392
Venezuela,VEN,1982,2.017
Venezuela,VEN,1983,6.247
Venezuela,VEN,1984,6.056
Venezuela,VEN,1985,6.681
Venezuela,VEN,1986,6.975
Venezuela,VEN,1987,15.789
Venezuela,VEN,1988,9.333
Venezuela,VEN,1989,1.286
Venezuela,VEN,1990,6.436
Venezuela,VEN,1991,20.997
Venezuela,VEN,1992,7.581
Venezuela,VEN,1993,0.575
Venezuela,VEN,1994,10.572
Venezuela,VEN,1995,0.461
Venezuela,VEN,1996,6.658
Venezuela,VEN,1997,9.503
Venezuela,VEN,1998,1.819
Venezuela,VEN,1999,7.436
Venezuela,VEN,2000,6.35
Venezuela,VEN,2001,-7.882
Venezuela,VEN,2002,-3.563
Venezuela,VEN,2003,1.673
Venezuela,VEN,2004,24.783
Venezuela,VEN,2005,17.665
Venezuela,VEN,2006,10.256
Venezuela,VEN,2007,2.946
Venezuela,VEN,2008,8.34
Venezuela,VEN,2009,-3.705
Venezuela,VEN,2010,-25.316
Venezuela,VEN,2011,15.613
Venezuela,VEN,2012,-4.961
Venezuela,VEN,2013,3.006
Venezuela,VEN,2014,-13.134
Venezuela,VEN,2015,-14.727
Venezuela,VEN,2016,-30.516
Venezuela,VEN,2017,-6.92
Venezuela,VEN,2018,-6.606
Venezuela,VEN,2019,15.029
Vietnam,VNM,1966,0.139
Vietnam,VNM,1967,0.111
Vietnam,VNM,1968,0.139
Vietnam,VNM,1969,0.167
Vietnam,VNM,1970,0.167
Vietnam,VNM,1971,0.039
Vietnam,VNM,1972,-0.533
Vietnam,VNM,1973,-0.006
Vietnam,VNM,1974,0
Vietnam,VNM,1975,0.222
Vietnam,VNM,1976,0.158
Vietnam,VNM,1977,0.119
Vietnam,VNM,1978,0.556
Vietnam,VNM,1979,0.556
Vietnam,VNM,1980,1.356
Vietnam,VNM,1981,0.053
Vietnam,VNM,1982,0.147
Vietnam,VNM,1983,-0.936
Vietnam,VNM,1984,1.044
Vietnam,VNM,1985,-0.339
Vietnam,VNM,1986,-0.194
Vietnam,VNM,1987,-0.064
Vietnam,VNM,1988,1.131
Vietnam,VNM,1989,5.686
Vietnam,VNM,1990,4.253
Vietnam,VNM,1991,2.633
Vietnam,VNM,1992,2.531
Vietnam,VNM,1993,2.047
Vietnam,VNM,1994,3.55
Vietnam,VNM,1995,3.719
Vietnam,VNM,1996,3.961
Vietnam,VNM,1997,-0.975
Vietnam,VNM,1998,-1.561
Vietnam,VNM,1999,7.442
Vietnam,VNM,2000,2.158
Vietnam,VNM,2001,9.835
Vietnam,VNM,2002,-0.357
Vietnam,VNM,2003,1.827
Vietnam,VNM,2004,-3.491
Vietnam,VNM,2005,-3.756
Vietnam,VNM,2006,8.21
Vietnam,VNM,2007,6.912
Vietnam,VNM,2008,8.993
Vietnam,VNM,2009,10.052
Vietnam,VNM,2010,-4.27
Vietnam,VNM,2011,32.073
Vietnam,VNM,2012,30.856
Vietnam,VNM,2013,10.731
Vietnam,VNM,2014,10.172
Vietnam,VNM,2015,-13.576
Vietnam,VNM,2016,21.467
Vietnam,VNM,2017,55.809
Vietnam,VNM,2018,-11.927
Vietnam,VNM,2019,-47.629
World,OWID_WRL,1966,168.387
World,OWID_WRL,1967,60.905
World,OWID_WRL,1968,148.74
World,OWID_WRL,1969,173.484
World,OWID_WRL,1970,146.957
World,OWID_WRL,1971,145.604
World,OWID_WRL,1972,159.904
World,OWID_WRL,1973,51.053
World,OWID_WRL,1974,356.266
World,OWID_WRL,1975,48.957
World,OWID_WRL,1976,-15.986
World,OWID_WRL,1977,134.825
World,OWID_WRL,1978,340.878
World,OWID_WRL,1979,224.449
World,OWID_WRL,1980,101.287
World,OWID_WRL,1981,103.476
World,OWID_WRL,1982,88.903
World,OWID_WRL,1983,213.501
World,OWID_WRL,1984,176.684
World,OWID_WRL,1985,106.665
World,OWID_WRL,1986,74.436
World,OWID_WRL,1987,75.374
World,OWID_WRL,1988,180.596
World,OWID_WRL,1989,-30.972
World,OWID_WRL,1990,198.154
World,OWID_WRL,1991,140.289
World,OWID_WRL,1992,-0.934
World,OWID_WRL,1993,367.141
World,OWID_WRL,1994,43.436
World,OWID_WRL,1995,357.644
World,OWID_WRL,1996,96.849
World,OWID_WRL,1997,126.768
World,OWID_WRL,1998,57.796
World,OWID_WRL,1999,52.04
World,OWID_WRL,2000,128.57
World,OWID_WRL,2001,-235.702
World,OWID_WRL,2002,85.495
World,OWID_WRL,2003,-57.818
World,OWID_WRL,2004,477.238
World,OWID_WRL,2005,208.84
World,OWID_WRL,2006,248.226
World,OWID_WRL,2007,86.645
World,OWID_WRL,2008,419.213
World,OWID_WRL,2009,-65.91
World,OWID_WRL,2010,425.678
World,OWID_WRL,2011,114.425
World,OWID_WRL,2012,327.915
World,OWID_WRL,2013,364.059
World,OWID_WRL,2014,145.471
World,OWID_WRL,2015,-83.17
World,OWID_WRL,2016,264.57
World,OWID_WRL,2017,72.941
World,OWID_WRL,2018,202.853
World,OWID_WRL,2019,87.592